raceId,constructorId,points,position,positionText,wins
1,sauber,0,10,10,0
2,lotus_racing,0,10,10,0
3,lotus_racing,0,10,10,0
4,lotus_racing,0,10,10,0
5,lotus_racing,0,10,10,0
6,lotus_racing,0,10,10,0
7,lotus_racing,0,10,10,0
8,lotus_racing,0,10,10,0
9,lotus_racing,0,10,10,0
10,lotus_racing,0,10,10,0
11,lotus_racing,0,10,10,0
12,lotus_racing,0,10,10,0
13,lotus_racing,0,10,10,0
14,lotus_racing,0,10,10,0
15,lotus_racing,0,10,10,0
16,lotus_racing,0,10,10,0
17,lotus_racing,0,10,10,0
18,lotus_racing,0,10,10,0
19,lotus_racing,0,10,10,0
1,mercedes,0,10,10,0
2,virgin,0,10,10,0
3,williams,0,10,10,0
4,williams,0,10,10,0
5,lotus_racing,0,10,10,0
6,lotus_racing,0,10,10,0
7,lotus_racing,0,10,10,0
8,lotus_racing,0,10,10,0
9,lotus_racing,0,10,10,0
10,lotus_racing,0,10,10,0
11,lotus_racing,0,10,10,0
12,lotus_racing,0,10,10,0
13,lotus_racing,0,10,10,0
14,lotus_racing,0,10,10,0
15,lotus_racing,0,10,10,0
16,lotus_racing,0,10,10,0
17,lotus_racing,0,10,10,0
18,lotus_racing,0,10,10,0
19,lotus_racing,0,10,10,0
1,marussia,0,10,10,0
2,marussia,0,10,10,0
3,marussia,0,10,10,0
4,marussia,0,10,10,0
5,marussia,0,10,10,0
6,caterham,0,10,10,0
7,caterham,0,10,10,0
8,caterham,0,10,10,0
9,caterham,0,10,10,0
10,caterham,0,10,10,0
11,caterham,0,10,10,0
12,caterham,0,10,10,0
13,caterham,0,10,10,0
14,marussia,0,10,10,0
15,marussia,0,10,10,0
16,marussia,0,10,10,0
17,marussia,0,10,10,0
18,marussia,0,10,10,0
19,marussia,0,10,10,0
20,caterham,0,10,10,0
1,marussia,0,10,10,0
2,marussia,0,10,10,0
3,marussia,0,10,10,0
4,marussia,0,10,10,0
5,marussia,0,10,10,0
6,marussia,0,10,10,0
7,marussia,0,10,10,0
8,marussia,0,10,10,0
9,marussia,0,10,10,0
10,marussia,0,10,10,0
11,marussia,0,10,10,0
12,marussia,0,10,10,0
13,marussia,0,10,10,0
14,marussia,0,10,10,0
15,marussia,0,10,10,0
16,marussia,0,10,10,0
17,marussia,0,10,10,0
18,marussia,0,10,10,0
19,marussia,0,10,10,0
1,caterham,0,10,10,0
2,caterham,0,10,10,0
3,marussia,0,10,10,0
4,marussia,0,10,10,0
5,marussia,0,10,10,0
6,sauber,0,10,10,0
7,sauber,0,10,10,0
8,sauber,0,10,10,0
9,sauber,0,10,10,0
10,sauber,0,10,10,0
11,sauber,0,10,10,0
12,sauber,0,10,10,0
13,sauber,0,10,10,0
14,sauber,0,10,10,0
15,sauber,0,10,10,0
16,sauber,0,10,10,0
17,sauber,0,10,10,0
18,sauber,0,10,10,0
19,sauber,0,10,10,0
2,manor,0,10,10,0
3,manor,0,10,10,0
4,manor,0,10,10,0
5,manor,0,10,10,0
6,manor,0,10,10,0
7,manor,0,10,10,0
8,manor,0,10,10,0
9,manor,0,10,10,0
10,manor,0,10,10,0
11,manor,0,10,10,0
12,manor,0,10,10,0
13,manor,0,10,10,0
14,manor,0,10,10,0
15,manor,0,10,10,0
16,manor,0,10,10,0
17,manor,0,10,10,0
18,manor,0,10,10,0
19,manor,0,10,10,0
1,sauber,0,10,10,0
2,sauber,0,10,10,0
3,sauber,0,10,10,0
4,sauber,0,10,10,0
5,sauber,0,10,10,0
6,sauber,0,10,10,0
7,sauber,0,10,10,0
8,sauber,0,10,10,0
1,haas,0,10,10,0
2,mclaren,0,10,10,0
3,mclaren,0,10,10,0
4,mclaren,0,10,10,0
5,mclaren,0,10,10,0
6,mclaren,0,10,10,0
7,mclaren,0,10,10,0
1,haas,0,10,10,0
2,williams,0,10,10,0
3,williams,0,10,10,0
1,williams,0,10,10,0
2,williams,0,10,10,0
3,williams,0,10,10,0
4,williams,0,10,10,0
5,williams,0,10,10,0
6,williams,0,10,10,0
7,williams,0,10,10,0
8,williams,0,10,10,0
9,williams,0,10,10,0
10,williams,0,10,10,0
1,haas,0,10,10,0
2,haas,0,10,10,0
3,williams,0,10,10,0
4,williams,0,10,10,0
5,williams,0,10,10,0
6,williams,0,10,10,0
7,williams,0,10,10,0
8,williams,0,10,10,0
9,williams,0,10,10,0
10,williams,0,10,10,0
11,williams,0,10,10,0
12,williams,0,10,10,0
13,williams,0,10,10,0
14,williams,0,10,10,0
15,williams,0,10,10,0
16,williams,0,10,10,0
17,williams,0,10,10,0
1,haas,0,10,10,0
2,haas,0,10,10,0
3,haas,0,10,10,0
4,haas,0,10,10,0
5,haas,0,10,10,0
6,williams,0,10,10,0
7,haas,0,10,10,0
8,haas,0,10,10,0
9,haas,0,10,10,0
10,haas,0,10,10,0
11,haas,0,10,10,0
12,haas,0,10,10,0
13,haas,0,10,10,0
14,haas,0,10,10,0
15,haas,0,10,10,0
16,haas,0,10,10,0
17,haas,0,10,10,0
18,haas,0,10,10,0
19,haas,0,10,10,0
20,haas,0,10,10,0
21,haas,0,10,10,0
22,haas,0,10,10,0
1,red_bull,0,10,10,0
2,williams,0,10,10,0
3,aston_martin,0,10,10,0
1,hrt,0,11,11,0
2,hrt,0,11,11,0
3,hrt,0,11,11,0
4,hrt,0,11,11,0
5,hrt,0,11,11,0
6,hrt,0,11,11,0
7,hrt,0,11,11,0
8,hrt,0,11,11,0
9,hrt,0,11,11,0
10,hrt,0,11,11,0
11,hrt,0,11,11,0
12,hrt,0,11,11,0
13,hrt,0,11,11,0
14,hrt,0,11,11,0
15,hrt,0,11,11,0
16,hrt,0,11,11,0
17,hrt,0,11,11,0
18,hrt,0,11,11,0
19,hrt,0,11,11,0
2,williams,0,11,11,0
3,virgin,0,11,11,0
4,virgin,0,11,11,0
5,virgin,0,11,11,0
6,virgin,0,11,11,0
7,hrt,0,11,11,0
8,hrt,0,11,11,0
9,hrt,0,11,11,0
10,hrt,0,11,11,0
11,hrt,0,11,11,0
12,hrt,0,11,11,0
13,hrt,0,11,11,0
14,hrt,0,11,11,0
15,hrt,0,11,11,0
16,hrt,0,11,11,0
17,hrt,0,11,11,0
18,hrt,0,11,11,0
19,hrt,0,11,11,0
1,caterham,0,11,11,0
2,caterham,0,11,11,0
3,caterham,0,11,11,0
4,caterham,0,11,11,0
5,caterham,0,11,11,0
6,marussia,0,11,11,0
7,marussia,0,11,11,0
8,marussia,0,11,11,0
9,marussia,0,11,11,0
10,marussia,0,11,11,0
11,marussia,0,11,11,0
12,marussia,0,11,11,0
13,marussia,0,11,11,0
14,caterham,0,11,11,0
15,caterham,0,11,11,0
16,caterham,0,11,11,0
17,caterham,0,11,11,0
18,caterham,0,11,11,0
19,caterham,0,11,11,0
20,marussia,0,11,11,0
1,caterham,0,11,11,0
2,caterham,0,11,11,0
3,caterham,0,11,11,0
4,caterham,0,11,11,0
5,caterham,0,11,11,0
6,caterham,0,11,11,0
7,caterham,0,11,11,0
8,caterham,0,11,11,0
9,caterham,0,11,11,0
10,caterham,0,11,11,0
11,caterham,0,11,11,0
12,caterham,0,11,11,0
13,caterham,0,11,11,0
14,caterham,0,11,11,0
15,caterham,0,11,11,0
16,caterham,0,11,11,0
17,caterham,0,11,11,0
18,caterham,0,11,11,0
19,caterham,0,11,11,0
1,red_bull,0,11,11,0
2,marussia,0,11,11,0
3,caterham,0,11,11,0
4,caterham,0,11,11,0
5,caterham,0,11,11,0
6,caterham,0,11,11,0
7,caterham,0,11,11,0
8,caterham,0,11,11,0
9,caterham,0,11,11,0
10,caterham,0,11,11,0
11,caterham,0,11,11,0
12,caterham,0,11,11,0
13,caterham,0,11,11,0
14,caterham,0,11,11,0
15,caterham,0,11,11,0
16,caterham,0,11,11,0
17,caterham,0,11,11,0
18,caterham,0,11,11,0
19,caterham,0,11,11,0
1,manor,0,11,11,0
2,manor,0,11,11,0
3,manor,0,11,11,0
4,manor,0,11,11,0
5,manor,0,11,11,0
6,manor,0,11,11,0
7,manor,0,11,11,0
8,manor,0,11,11,0
9,sauber,0,11,11,0
10,sauber,0,11,11,0
11,sauber,0,11,11,0
12,sauber,0,11,11,0
13,sauber,0,11,11,0
14,sauber,0,11,11,0
15,sauber,0,11,11,0
16,sauber,0,11,11,0
17,sauber,0,11,11,0
18,sauber,0,11,11,0
19,sauber,0,11,11,0
1,renault,0,7,7,0
1,toro_rosso,0,8,8,0
1,lotus_racing,0,9,9,0
1,virgin,0,12,12,0
2,toro_rosso,0,8,8,0
2,sauber,0,9,9,0
2,virgin,0,12,12,0
3,sauber,0,9,9,0
3,virgin,0,12,12,0
4,sauber,0,9,9,0
4,virgin,0,12,12,0
5,sauber,0,9,9,0
5,virgin,0,12,12,0
6,sauber,0,9,9,0
6,virgin,0,12,12,0
7,virgin,0,12,12,0
8,virgin,0,12,12,0
9,virgin,0,12,12,0
10,virgin,0,12,12,0
11,virgin,0,12,12,0
12,virgin,0,12,12,0
13,virgin,0,12,12,0
14,virgin,0,12,12,0
15,virgin,0,12,12,0
16,virgin,0,12,12,0
17,virgin,0,12,12,0
18,virgin,0,12,12,0
19,virgin,0,12,12,0
1,lotus_racing,0,7,7,0
1,virgin,0,8,8,0
1,williams,0,9,9,0
2,lotus_racing,0,9,9,0
2,hrt,0,12,12,0
3,lotus_racing,0,9,9,0
3,hrt,0,12,12,0
4,lotus_racing,0,9,9,0
4,hrt,0,12,12,0
5,williams,0,9,9,0
5,hrt,0,12,12,0
6,hrt,0,12,12,0
7,virgin,0,12,12,0
8,virgin,0,12,12,0
9,virgin,0,12,12,0
10,virgin,0,12,12,0
11,virgin,0,12,12,0
12,virgin,0,12,12,0
13,virgin,0,12,12,0
14,virgin,0,12,12,0
15,virgin,0,12,12,0
16,virgin,0,12,12,0
17,virgin,0,12,12,0
18,virgin,0,12,12,0
19,virgin,0,12,12,0
1,mercedes,0,8,8,0
1,williams,0,9,9,0
2,hrt,0,12,12,0
3,hrt,0,12,12,0
4,hrt,0,12,12,0
5,hrt,0,12,12,0
6,hrt,0,12,12,0
7,hrt,0,12,12,0
8,hrt,0,12,12,0
9,hrt,0,12,12,0
10,hrt,0,12,12,0
11,hrt,0,12,12,0
12,hrt,0,12,12,0
13,hrt,0,12,12,0
14,hrt,0,12,12,0
15,hrt,0,12,12,0
16,hrt,0,12,12,0
17,hrt,0,12,12,0
18,hrt,0,12,12,0
19,hrt,0,12,12,0
20,hrt,0,12,12,0
1,toro_rosso,0,7,7,0
1,sauber,0,8,8,0
1,williams,0,9,9,0
2,williams,0,9,9,0
3,williams,0,9,9,0
4,williams,0,9,9,0
5,williams,0,9,9,0
6,williams,0,9,9,0
7,williams,0,9,9,0
8,williams,0,9,9,0
9,williams,0,9,9,0
1,sauber,0,7,7,0
1,marussia,0,8,8,0
1,lotus_f1,0,9,9,0
2,sauber,0,8,8,0
2,lotus_f1,0,9,9,0
3,lotus_f1,0,8,8,0
3,sauber,0,9,9,0
4,lotus_f1,0,8,8,0
4,sauber,0,9,9,0
5,sauber,0,9,9,0
1,mclaren,0,8,8,0
1,lotus_f1,0,9,9,0
2,lotus_f1,0,8,8,0
2,mclaren,0,9,9,0
3,mclaren,0,9,9,0
4,mclaren,0,9,9,0
5,mclaren,0,9,9,0
1,renault,0,8,8,0
1,mclaren,0,9,9,0
2,renault,0,9,9,0
3,renault,0,9,9,0
1,renault,0,7,7,0
1,sauber,0,8,8,0
1,mclaren,0,9,9,0
2,renault,0,8,8,0
2,sauber,0,9,9,0
3,sauber,0,9,9,0
4,sauber,0,9,9,0
1,force_india,0,6,6,0
1,sauber,0,7,7,0
1,williams,0,8,8,0
1,toro_rosso,0,9,9,0
1,mclaren,0,9,9,0
1,williams,0,8,8,0
1,red_bull,0,9,9,0
2,williams,0,9,9,0
1,alfa,0,7,7,0
1,alpine,0,8,8,0
1,williams,0,9,9,0
2,alfa,0,8,8,0
2,williams,0,9,9,0
3,alfa,0,8,8,0
3,williams,0,9,9,0
4,alfa,0,8,8,0
4,williams,0,9,9,0
5,williams,0,9,9,0
6,haas,0,9,9,0
7,williams,0,9,9,0
8,williams,0,9,9,0
9,williams,0,9,9,0
10,williams,0,9,9,0
1,aston_martin,0,7,7,0
1,williams,0,8,8,0
1,mclaren,0,9,9,0
2,aston_martin,0,9,9,0
1,mclaren,21,2,2,0
1,mclaren,26,2,2,0
2,mclaren,48,2,2,0
1,red_bull,30,2,2,0
2,red_bull,42,2,2,0
3,red_bull,64,2,2,0
1,ferrari,30,1,1,0
1,mclaren,33,1,1,0
2,mclaren,43,2,2,0
3,force_india,44,2,2,0
4,red_bull,57,2,2,0
5,red_bull,84,2,2,0
6,red_bull,99,2,2,0
1,ferrari,15,2,2,0
1,ferrari,15,2,2,0
2,ferrari,33,2,2,0
3,ferrari,61,2,2,0
4,ferrari,76,2,2,0
5,ferrari,109,2,2,0
6,ferrari,121,2,2,0
7,ferrari,147,2,2,0
8,ferrari,177,2,2,0
9,ferrari,192,2,2,0
10,ferrari,204,2,2,0
11,ferrari,224,2,2,0
20,manor,1,11,11,0
21,manor,1,11,11,0
1,mercedes,33,2,2,0
1,mercedes,22,2,2,0
2,mercedes,55,2,2,0
3,mercedes,85,1,1,0
1,ferrari,22,2,2,0
2,ferrari,48,2,2,0
3,ferrari,73,2,2,0
4,ferrari,99,2,2,0
5,ferrari,121,2,2,0
6,ferrari,139,2,2,0
7,ferrari,172,2,2,0
8,ferrari,198,2,2,0
9,ferrari,228,2,2,0
10,ferrari,243,2,2,0
11,ferrari,261,2,2,0
12,ferrari,288,2,2,0
1,mclaren,26,2,2,0
2,mclaren,39,2,2,0
3,red_bull,55,2,2,0
4,red_bull,78,2,2,0
1,red_bull,28,2,2,0
1,mercedes,27,2,2,0
2,mercedes,38,2,2,0
3,mercedes,65,2,2,0
9,manor,1,10,10,0
10,manor,1,10,10,0
11,manor,1,10,10,0
12,manor,1,10,10,0
13,manor,1,10,10,0
14,manor,1,10,10,0
15,manor,1,10,10,0
16,manor,1,10,10,0
17,manor,1,10,10,0
18,manor,1,10,10,0
19,manor,1,10,10,0
20,sauber,2,10,10,0
21,sauber,2,10,10,0
8,mclaren,2,10,10,0
9,mclaren,2,10,10,0
10,mclaren,2,10,10,0
11,sauber,5,10,10,0
12,sauber,5,10,10,0
13,sauber,5,10,10,0
14,sauber,5,10,10,0
15,sauber,5,10,10,0
16,sauber,5,10,10,0
17,sauber,5,10,10,0
18,sauber,5,10,10,0
19,sauber,5,10,10,0
20,sauber,5,10,10,0
4,williams,4,10,10,0
5,williams,4,10,10,0
6,williams,4,10,10,0
7,williams,4,10,10,0
8,williams,4,10,10,0
9,williams,4,10,10,0
10,williams,4,10,10,0
11,williams,4,10,10,0
12,williams,4,10,10,0
13,williams,4,10,10,0
14,williams,7,10,10,0
15,williams,7,10,10,0
16,williams,7,10,10,0
17,williams,7,10,10,0
18,williams,7,10,10,0
19,williams,7,10,10,0
20,williams,7,10,10,0
21,williams,7,10,10,0
11,williams,1,10,10,0
12,williams,1,10,10,0
13,williams,1,10,10,0
14,williams,1,10,10,0
15,williams,1,10,10,0
16,williams,1,10,10,0
17,williams,1,10,10,0
18,williams,1,10,10,0
19,williams,1,10,10,0
20,williams,1,10,10,0
21,williams,1,10,10,0
4,williams,1,10,10,0
5,williams,3,10,10,0
6,williams,3,10,10,0
7,williams,3,10,10,0
8,williams,3,10,10,0
9,williams,3,10,10,0
10,williams,3,10,10,0
11,williams,3,10,10,0
12,williams,3,10,10,0
13,williams,3,10,10,0
14,williams,4,10,10,0
15,williams,4,10,10,0
16,williams,6,10,10,0
17,williams,6,10,10,0
18,williams,8,10,10,0
19,williams,8,10,10,0
20,williams,8,10,10,0
21,williams,8,10,10,0
22,williams,8,10,10,0
1,mercedes,18,3,3,0
2,mercedes,29,3,3,0
1,ferrari,18,3,3,0
2,ferrari,36,3,3,0
3,ferrari,50,3,3,0
4,ferrari,65,3,3,0
5,ferrari,75,3,3,0
6,ferrari,93,3,3,0
7,ferrari,101,3,3,0
8,ferrari,129,3,3,0
1,sauber,12,3,3,0
4,lotus_f1,57,3,3,0
5,lotus_f1,84,3,3,0
7,lotus_f1,108,3,3,0
8,lotus_f1,126,3,3,0
9,lotus_f1,144,3,3,0
11,lotus_f1,192,3,3,0
12,lotus_f1,207,3,3,0
1,red_bull,23,3,3,0
2,ferrari,40,3,3,0
1,ferrari,18,3,3,0
2,ferrari,30,3,3,0
3,mclaren,43,3,3,0
4,force_india,54,3,3,0
5,ferrari,66,3,3,0
6,ferrari,78,3,3,0
7,ferrari,87,3,3,0
8,ferrari,98,3,3,0
9,ferrari,106,3,3,0
10,williams,121,3,3,0
11,ferrari,142,3,3,0
12,ferrari,160,3,3,0
13,williams,177,3,3,0
14,williams,187,3,3,0
15,williams,201,3,3,0
16,williams,216,3,3,0
17,williams,238,3,3,0
18,williams,254,3,3,0
19,williams,320,3,3,0
1,sauber,14,3,3,0
2,williams,30,3,3,0
3,williams,48,3,3,0
4,williams,61,3,3,0
5,williams,81,3,3,0
6,williams,81,3,3,0
7,williams,104,3,3,0
8,williams,129,3,3,0
9,williams,151,3,3,0
10,williams,151,3,3,0
11,williams,161,3,3,0
12,williams,188,3,3,0
13,williams,198,3,3,0
14,williams,208,3,3,0
15,williams,220,3,3,0
16,williams,220,3,3,0
17,williams,243,3,3,0
18,williams,253,3,3,0
19,williams,257,3,3,0
1,williams,14,3,3,0
2,red_bull,30,3,3,0
3,red_bull,57,3,3,0
4,red_bull,57,3,3,0
12,ferrari,242,3,3,0
13,ferrari,252,3,3,0
14,ferrari,279,3,3,0
15,ferrari,301,3,3,0
16,ferrari,313,3,3,0
17,ferrari,335,3,3,0
18,ferrari,347,3,3,0
19,ferrari,365,3,3,0
20,ferrari,375,3,3,0
21,ferrari,398,3,3,0
1,red_bull,10,3,3,0
2,red_bull,37,3,3,0
3,red_bull,47,3,3,0
4,red_bull,57,3,3,0
5,red_bull,72,3,3,0
6,red_bull,97,3,3,0
7,red_bull,112,3,3,0
1,red_bull,20,3,3,0
2,mclaren,22,3,3,0
1,red_bull,15,3,3,0
2,red_bull,31,3,3,0
3,red_bull,52,3,3,0
4,red_bull,64,3,3,0
5,red_bull,87,3,3,0
6,red_bull,110,3,3,0
7,red_bull,124,3,3,0
8,red_bull,137,3,3,0
1,ferrari,19,3,3,0
2,red_bull,27,3,3,0
3,mclaren,41,3,3,0
4,mclaren,51,3,3,0
5,ferrari,55,3,3,0
6,racing_point,63,3,3,0
7,mclaren,68,3,3,0
8,mclaren,98,3,3,0
9,mclaren,106,3,3,0
10,mclaren,106,3,3,0
11,racing_point,120,3,3,0
12,racing_point,126,3,3,0
13,renault,135,3,3,0
14,racing_point,154,3,3,0
15,mclaren,171,3,3,0
17,mclaren,202,3,3,0
1,mclaren,18,3,3,0
2,mclaren,41,3,3,0
3,mclaren,53,3,3,0
4,mclaren,65,3,3,0
5,mclaren,80,3,3,0
6,ferrari,94,3,3,0
7,mclaren,110,3,3,0
8,mclaren,120,3,3,0
9,mclaren,141,3,3,0
10,mclaren,163,3,3,0
11,ferrari,163,3,3,0
12,mclaren,169,3,3,0
13,ferrari,182,3,3,0
18,ferrari,268,3,3,0
19,ferrari,288,3,3,0
20,ferrari,298,3,3,0
21,ferrari,308,3,3,0
22,ferrari,324,3,3,0
1,haas,10,3,3,0
4,mercedes,77,3,3,0
5,mercedes,95,3,3,0
6,mercedes,120,3,3,0
7,mercedes,134,3,3,0
8,mercedes,161,3,3,0
9,mercedes,188,3,3,0
10,mercedes,204,3,3,0
11,mercedes,237,3,3,0
12,mercedes,270,3,3,0
13,mercedes,304,3,3,0
14,mercedes,316,3,3,0
15,mercedes,346,3,3,0
16,mercedes,371,3,3,0
17,mercedes,373,3,3,0
18,mercedes,387,3,3,0
19,mercedes,416,3,3,0
20,mercedes,447,3,3,0
7,sauber,1,9,9,0
8,sauber,1,9,9,0
9,sauber,7,9,9,0
10,toro_rosso,10,9,9,0
11,toro_rosso,10,9,9,0
12,toro_rosso,10,9,9,0
13,toro_rosso,10,9,9,0
14,toro_rosso,10,9,9,0
15,toro_rosso,10,9,9,0
16,toro_rosso,11,9,9,0
17,toro_rosso,11,9,9,0
18,toro_rosso,11,9,9,0
19,toro_rosso,13,9,9,0
6,williams,2,9,9,0
7,williams,4,9,9,0
8,williams,4,9,9,0
9,williams,4,9,9,0
10,williams,4,9,9,0
11,williams,4,9,9,0
12,williams,5,9,9,0
13,williams,5,9,9,0
14,williams,5,9,9,0
15,williams,5,9,9,0
16,williams,5,9,9,0
17,williams,5,9,9,0
18,williams,5,9,9,0
19,williams,5,9,9,0
2,mercedes,1,9,9,0
3,toro_rosso,6,9,9,0
4,toro_rosso,6,9,9,0
5,toro_rosso,6,9,9,0
6,toro_rosso,6,9,9,0
7,toro_rosso,6,9,9,0
8,toro_rosso,6,9,9,0
9,toro_rosso,6,9,9,0
10,toro_rosso,6,9,9,0
11,toro_rosso,6,9,9,0
12,toro_rosso,12,9,9,0
13,toro_rosso,12,9,9,0
14,toro_rosso,14,9,9,0
15,toro_rosso,15,9,9,0
16,toro_rosso,21,9,9,0
17,toro_rosso,21,9,9,0
18,toro_rosso,22,9,9,0
19,toro_rosso,22,9,9,0
20,toro_rosso,26,9,9,0
10,williams,1,9,9,0
11,williams,1,9,9,0
12,williams,1,9,9,0
13,williams,1,9,9,0
14,williams,1,9,9,0
15,williams,1,9,9,0
16,williams,1,9,9,0
17,williams,1,9,9,0
18,williams,5,9,9,0
19,williams,5,9,9,0
6,marussia,2,9,9,0
7,marussia,2,9,9,0
8,marussia,2,9,9,0
9,marussia,2,9,9,0
10,marussia,2,9,9,0
11,marussia,2,9,9,0
12,marussia,2,9,9,0
13,marussia,2,9,9,0
14,marussia,2,9,9,0
15,marussia,2,9,9,0
16,marussia,2,9,9,0
17,marussia,2,9,9,0
18,marussia,2,9,9,0
19,marussia,2,9,9,0
6,mclaren,4,9,9,0
7,mclaren,4,9,9,0
8,mclaren,4,9,9,0
9,mclaren,5,9,9,0
10,mclaren,17,9,9,0
11,mclaren,17,9,9,0
12,mclaren,17,9,9,0
13,mclaren,17,9,9,0
14,mclaren,17,9,9,0
15,mclaren,19,9,9,0
16,mclaren,27,9,9,0
17,mclaren,27,9,9,0
18,mclaren,27,9,9,0
19,mclaren,27,9,9,0
4,renault,6,9,9,0
5,renault,6,9,9,0
6,renault,6,9,9,0
7,renault,6,9,9,0
8,renault,6,9,9,0
9,renault,6,9,9,0
10,renault,6,9,9,0
11,renault,6,9,9,0
12,renault,6,9,9,0
13,renault,6,9,9,0
14,renault,6,9,9,0
15,renault,7,9,9,0
16,renault,8,9,9,0
17,renault,8,9,9,0
18,renault,8,9,9,0
19,renault,8,9,9,0
20,renault,8,9,9,0
21,renault,8,9,9,0
5,sauber,4,9,9,0
6,sauber,4,9,9,0
7,sauber,4,9,9,0
8,sauber,5,9,9,0
9,sauber,5,9,9,0
10,sauber,5,9,9,0
11,mclaren,11,9,9,0
12,mclaren,11,9,9,0
13,mclaren,11,9,9,0
14,mclaren,17,9,9,0
15,mclaren,23,9,9,0
16,mclaren,23,9,9,0
17,mclaren,23,9,9,0
18,mclaren,24,9,9,0
19,mclaren,28,9,9,0
20,mclaren,30,9,9,0
2,force_india,1,9,9,0
3,force_india,1,9,9,0
4,sauber,10,9,9,0
5,sauber,11,9,9,0
6,sauber,11,9,9,0
7,sauber,12,9,9,0
8,sauber,13,9,9,0
9,sauber,16,9,9,0
10,sauber,16,9,9,0
11,sauber,18,9,9,0
12,sauber,18,9,9,0
13,force_india,18,9,9,0
14,sauber,19,9,9,0
15,sauber,21,9,9,0
16,sauber,27,9,9,0
17,sauber,27,9,9,0
18,sauber,28,9,9,0
19,toro_rosso,33,9,9,0
20,toro_rosso,33,9,9,0
21,toro_rosso,33,9,9,0
2,racing_point,3,9,9,0
3,toro_rosso,4,9,9,0
4,toro_rosso,4,9,9,0
5,toro_rosso,6,9,9,0
6,alfa,13,9,9,0
7,alfa,13,9,9,0
8,haas,16,9,9,0
9,haas,16,9,9,0
10,haas,16,9,9,0
11,alfa,26,9,9,0
12,haas,26,9,9,0
13,haas,26,9,9,0
14,haas,26,9,9,0
15,haas,26,9,9,0
16,haas,28,9,9,0
17,haas,28,9,9,0
18,haas,28,9,9,0
19,haas,28,9,9,0
20,haas,28,9,9,0
21,haas,28,9,9,0
3,haas,1,9,9,0
4,haas,1,9,9,0
5,haas,1,9,9,0
6,haas,1,9,9,0
7,haas,1,9,9,0
8,haas,1,9,9,0
9,haas,1,9,9,0
10,haas,1,9,9,0
11,haas,3,9,9,0
12,haas,3,9,9,0
13,haas,3,9,9,0
14,haas,3,9,9,0
15,haas,3,9,9,0
16,haas,3,9,9,0
17,haas,3,9,9,0
11,alfa,3,9,9,0
12,alfa,3,9,9,0
13,alfa,3,9,9,0
14,alfa,3,9,9,0
15,alfa,7,9,9,0
16,alfa,7,9,9,0
17,alfa,7,9,9,0
18,alfa,11,9,9,0
19,alfa,11,9,9,0
20,alfa,11,9,9,0
21,alfa,13,9,9,0
22,alfa,13,9,9,0
3,williams,1,9,9,0
4,aston_martin,5,9,9,0
5,aston_martin,6,9,9,0
6,aston_martin,6,9,9,0
7,aston_martin,7,9,9,0
8,aston_martin,15,9,9,0
9,haas,15,9,9,0
10,aston_martin,18,9,9,0
11,aston_martin,18,9,9,0
12,aston_martin,19,9,9,0
13,aston_martin,20,9,9,0
14,aston_martin,24,9,9,0
15,aston_martin,25,9,9,0
16,aston_martin,25,9,9,0
17,alphatauri,34,9,9,0
18,alphatauri,34,9,9,0
19,alphatauri,35,9,9,0
20,alphatauri,35,9,9,0
21,alphatauri,35,9,9,0
22,alphatauri,35,9,9,0
3,toro_rosso,2,8,8,0
4,toro_rosso,2,8,8,0
5,toro_rosso,3,8,8,0
6,toro_rosso,4,8,8,0
7,toro_rosso,4,8,8,0
8,williams,8,8,8,0
9,toro_rosso,10,8,8,0
10,sauber,15,8,8,0
11,sauber,15,8,8,0
12,sauber,23,8,8,0
13,sauber,27,8,8,0
14,sauber,27,8,8,0
15,sauber,27,8,8,0
16,sauber,37,8,8,0
17,sauber,43,8,8,0
18,sauber,44,8,8,0
19,sauber,44,8,8,0
2,mercedes,2,8,8,0
3,force_india,4,8,8,0
4,force_india,4,8,8,0
5,force_india,4,8,8,0
6,toro_rosso,7,8,8,0
7,force_india,10,8,8,0
8,force_india,12,8,8,0
9,force_india,12,8,8,0
10,toro_rosso,17,8,8,0
11,toro_rosso,22,8,8,0
12,toro_rosso,22,8,8,0
13,toro_rosso,29,8,8,0
14,toro_rosso,29,8,8,0
15,toro_rosso,29,8,8,0
16,toro_rosso,37,8,8,0
17,toro_rosso,41,8,8,0
18,toro_rosso,41,8,8,0
19,toro_rosso,41,8,8,0
2,toro_rosso,6,8,8,0
3,force_india,9,8,8,0
4,force_india,17,8,8,0
5,force_india,18,8,8,0
6,force_india,28,8,8,0
7,force_india,28,8,8,0
8,force_india,44,8,8,0
9,force_india,44,8,8,0
10,force_india,46,8,8,0
11,force_india,46,8,8,0
2,toro_rosso,1,8,8,0
3,sauber,5,8,8,0
4,sauber,5,8,8,0
5,sauber,5,8,8,0
6,sauber,5,8,8,0
7,sauber,5,8,8,0
8,sauber,6,8,8,0
9,sauber,7,8,8,0
10,sauber,7,8,8,0
11,sauber,7,8,8,0
12,sauber,17,8,8,0
13,sauber,19,8,8,0
14,toro_rosso,31,8,8,0
15,toro_rosso,31,8,8,0
16,toro_rosso,32,8,8,0
17,toro_rosso,32,8,8,0
18,toro_rosso,32,8,8,0
19,toro_rosso,33,8,8,0
5,lotus_f1,4,8,8,0
6,toro_rosso,8,8,8,0
7,lotus_f1,8,8,8,0
8,lotus_f1,8,8,8,0
9,lotus_f1,8,8,8,0
10,lotus_f1,8,8,8,0
11,lotus_f1,8,8,8,0
12,lotus_f1,8,8,8,0
13,lotus_f1,8,8,8,0
14,lotus_f1,8,8,8,0
15,lotus_f1,8,8,8,0
16,lotus_f1,8,8,8,0
17,lotus_f1,10,8,8,0
18,lotus_f1,10,8,8,0
19,lotus_f1,10,8,8,0
3,lotus_f1,6,8,8,0
4,force_india,11,8,8,0
5,force_india,11,8,8,0
6,toro_rosso,15,8,8,0
7,toro_rosso,15,8,8,0
8,toro_rosso,19,8,8,0
9,toro_rosso,19,8,8,0
10,sauber,22,8,8,0
11,sauber,23,8,8,0
12,sauber,25,8,8,0
13,sauber,26,8,8,0
14,sauber,26,8,8,0
15,sauber,34,8,8,0
16,sauber,36,8,8,0
17,sauber,36,8,8,0
18,sauber,36,8,8,0
19,sauber,36,8,8,0
2,mclaren,1,8,8,0
3,mclaren,1,8,8,0
4,force_india,8,8,8,0
5,mclaren,12,8,8,0
6,haas,22,8,8,0
7,haas,22,8,8,0
8,haas,22,8,8,0
9,haas,28,8,8,0
10,haas,28,8,8,0
11,haas,28,8,8,0
12,haas,28,8,8,0
13,haas,28,8,8,0
14,haas,28,8,8,0
15,haas,28,8,8,0
16,haas,28,8,8,0
17,haas,28,8,8,0
18,haas,29,8,8,0
19,haas,29,8,8,0
20,haas,29,8,8,0
21,haas,29,8,8,0
3,renault,2,8,8,0
4,renault,6,8,8,0
5,haas,9,8,8,0
6,haas,14,8,8,0
7,haas,15,8,8,0
8,renault,18,8,8,0
9,renault,18,8,8,0
10,renault,26,8,8,0
11,renault,26,8,8,0
12,renault,34,8,8,0
13,renault,34,8,8,0
14,haas,37,8,8,0
15,haas,37,8,8,0
16,renault,42,8,8,0
17,haas,43,8,8,0
18,haas,47,8,8,0
19,haas,47,8,8,0
20,haas,47,8,8,0
2,sauber,2,8,8,0
3,sauber,2,8,8,0
4,haas,11,8,8,0
5,toro_rosso,13,8,8,0
6,haas,19,8,8,0
7,haas,19,8,8,0
8,toro_rosso,19,8,8,0
9,toro_rosso,19,8,8,0
10,toro_rosso,19,8,8,0
11,toro_rosso,20,8,8,0
12,toro_rosso,28,8,8,0
13,sauber,19,8,8,0
14,toro_rosso,30,8,8,0
15,toro_rosso,30,8,8,0
16,toro_rosso,30,8,8,0
17,toro_rosso,30,8,8,0
18,toro_rosso,32,8,8,0
19,sauber,36,8,8,0
20,sauber,42,8,8,0
21,sauber,48,8,8,0
1,toro_rosso,1,8,8,0
2,toro_rosso,3,8,8,0
3,racing_point,7,8,8,0
4,haas,8,8,8,0
5,renault,12,8,8,0
6,renault,14,8,8,0
7,haas,16,8,8,0
8,toro_rosso,17,8,8,0
9,toro_rosso,17,8,8,0
10,toro_rosso,19,8,8,0
11,haas,26,8,8,0
12,racing_point,31,8,8,0
13,alfa,32,8,8,0
14,alfa,34,8,8,0
15,alfa,35,8,8,0
16,alfa,35,8,8,0
17,alfa,35,8,8,0
18,alfa,35,8,8,0
19,alfa,35,8,8,0
20,alfa,57,8,8,0
21,alfa,57,8,8,0
2,alfa,2,8,8,0
3,alfa,2,8,8,0
4,alfa,2,8,8,0
5,alfa,2,8,8,0
6,alfa,2,8,8,0
7,alfa,2,8,8,0
8,alfa,2,8,8,0
9,alfa,4,8,8,0
10,alfa,4,8,8,0
11,alfa,5,8,8,0
12,alfa,5,8,8,0
13,alfa,8,8,8,0
14,alfa,8,8,8,0
15,alfa,8,8,8,0
16,alfa,8,8,8,0
17,alfa,8,8,8,0
5,alfa,1,8,8,0
6,alfa,2,8,8,0
7,alfa,2,8,8,0
8,alfa,2,8,8,0
9,alfa,2,8,8,0
10,alfa,2,8,8,0
11,williams,10,8,8,0
12,williams,20,8,8,0
13,williams,20,8,8,0
14,williams,22,8,8,0
15,williams,23,8,8,0
16,williams,23,8,8,0
17,williams,23,8,8,0
18,williams,23,8,8,0
19,williams,23,8,8,0
20,williams,23,8,8,0
21,williams,23,8,8,0
22,williams,23,8,8,0
2,mclaren,6,8,8,0
3,alphatauri,10,8,8,0
4,haas,15,8,8,0
5,haas,15,8,8,0
6,haas,15,8,8,0
7,haas,15,8,8,0
8,haas,15,8,8,0
9,aston_martin,16,8,8,0
10,haas,20,8,8,0
11,alphatauri,27,8,8,0
12,alphatauri,27,8,8,0
13,alphatauri,27,8,8,0
14,alphatauri,29,8,8,0
15,alphatauri,29,8,8,0
16,alphatauri,33,8,8,0
17,haas,34,8,8,0
18,haas,34,8,8,0
19,haas,36,8,8,0
20,haas,36,8,8,0
21,haas,37,8,8,0
22,haas,37,8,8,0
1,force_india,2,5,5,0
2,red_bull,18,5,5,0
3,renault,30,5,5,0
4,renault,46,5,5,0
5,renault,50,5,5,0
6,renault,65,5,5,0
7,renault,73,5,5,0
8,renault,79,5,5,0
9,renault,89,5,5,0
10,renault,89,5,5,0
11,renault,96,5,5,0
12,renault,106,5,5,0
13,renault,123,5,5,0
14,renault,127,5,5,0
15,renault,133,5,5,0
16,renault,133,5,5,0
17,renault,143,5,5,0
18,renault,145,5,5,0
19,renault,163,5,5,0
1,toro_rosso,4,5,5,0
2,sauber,6,5,5,0
3,mercedes,16,5,5,0
4,mercedes,26,5,5,0
5,mercedes,40,5,5,0
6,mercedes,40,5,5,0
7,mercedes,52,5,5,0
8,mercedes,58,5,5,0
9,renault,65,5,5,0
10,renault,66,5,5,0
11,renault,66,5,5,0
12,renault,68,5,5,0
13,renault,70,5,5,0
14,renault,70,5,5,0
15,renault,72,5,5,0
16,renault,72,5,5,0
17,renault,72,5,5,0
18,renault,72,5,5,0
19,renault,73,5,5,0
1,lotus_f1,6,5,5,0
2,lotus_f1,16,5,5,0
1,force_india,10,5,5,0
2,force_india,10,5,5,0
3,mclaren,14,5,5,0
4,force_india,26,5,5,0
5,force_india,32,5,5,0
6,force_india,44,5,5,0
7,force_india,51,5,5,0
8,force_india,59,5,5,0
9,force_india,59,5,5,0
10,force_india,59,5,5,0
11,mclaren,65,5,5,0
12,mclaren,66,5,5,0
13,mclaren,76,5,5,0
14,mclaren,81,5,5,0
15,mclaren,83,5,5,0
16,mclaren,93,5,5,0
17,mclaren,95,5,5,0
18,mclaren,102,5,5,0
19,mclaren,122,5,5,0
1,force_india,9,5,5,0
2,force_india,19,5,5,0
3,ferrari,33,5,5,0
4,mclaren,43,5,5,0
5,williams,46,5,5,0
6,mclaren,52,5,5,0
7,mclaren,66,5,5,0
8,williams,85,5,5,0
9,force_india,91,5,5,0
10,force_india,98,5,5,0
11,force_india,98,5,5,0
12,mclaren,105,5,5,0
13,mclaren,110,5,5,0
14,force_india,117,5,5,0
15,force_india,122,5,5,0
16,mclaren,143,5,5,0
17,mclaren,147,5,5,0
18,mclaren,161,5,5,0
19,mclaren,181,5,5,0
1,red_bull,8,5,5,0
2,toro_rosso,12,5,5,0
3,red_bull,13,5,5,0
4,sauber,19,5,5,0
5,sauber,19,5,5,0
6,sauber,21,5,5,0
7,lotus_f1,23,5,5,0
8,force_india,31,5,5,0
9,force_india,39,5,5,0
10,force_india,39,5,5,0
11,lotus_f1,50,5,5,0
12,force_india,63,5,5,0
13,force_india,69,5,5,0
14,force_india,77,5,5,0
15,force_india,92,5,5,0
16,force_india,102,5,5,0
17,force_india,112,5,5,0
18,force_india,120,5,5,0
19,force_india,136,5,5,0
1,haas,8,5,5,0
2,haas,18,5,5,0
3,haas,18,5,5,0
4,haas,22,5,5,0
5,toro_rosso,26,5,5,0
6,force_india,37,5,5,0
7,force_india,42,5,5,0
8,force_india,59,5,5,0
9,force_india,59,5,5,0
10,force_india,73,5,5,0
11,force_india,74,5,5,0
12,force_india,81,5,5,0
13,williams,101,5,5,0
14,force_india,108,5,5,0
15,williams,111,5,5,0
16,williams,121,5,5,0
17,williams,124,5,5,0
18,williams,130,5,5,0
19,williams,136,5,5,0
20,williams,136,5,5,0
21,williams,138,5,5,0
1,force_india,7,5,5,0
2,force_india,10,5,5,0
3,williams,16,5,5,0
4,williams,18,5,5,0
5,toro_rosso,21,5,5,0
6,toro_rosso,29,5,5,0
7,toro_rosso,29,5,5,0
8,williams,37,5,5,0
9,williams,40,5,5,0
10,williams,41,5,5,0
11,williams,41,5,5,0
12,williams,45,5,5,0
13,williams,55,5,5,0
14,williams,59,5,5,0
15,williams,65,5,5,0
16,williams,66,5,5,0
17,williams,68,5,5,0
18,williams,76,5,5,0
19,williams,82,5,5,0
20,williams,83,5,5,0
1,renault,7,5,5,0
2,renault,15,5,5,0
3,renault,25,5,5,0
4,renault,35,5,5,0
5,mclaren,40,5,5,0
6,mclaren,40,5,5,0
7,mclaren,40,5,5,0
8,mclaren,40,5,5,0
9,haas,49,5,5,0
10,haas,51,5,5,0
11,force_india,59,5,5,0
12,haas,66,5,5,0
13,haas,76,5,5,0
14,haas,76,5,5,0
15,haas,76,5,5,0
16,haas,80,5,5,0
17,haas,84,5,5,0
18,haas,84,5,5,0
19,haas,84,5,5,0
20,haas,90,5,5,0
21,haas,93,5,5,0
1,renault,6,5,5,0
2,mclaren,8,5,5,0
3,alfa,12,5,5,0
4,racing_point,17,5,5,0
5,racing_point,17,5,5,0
6,racing_point,17,5,5,0
7,renault,28,5,5,0
8,renault,32,5,5,0
9,renault,32,5,5,0
10,renault,39,5,5,0
11,toro_rosso,42,5,5,0
12,toro_rosso,43,5,5,0
13,toro_rosso,51,5,5,0
14,renault,65,5,5,0
15,renault,67,5,5,0
16,renault,68,5,5,0
17,renault,68,5,5,0
18,renault,73,5,5,0
19,renault,83,5,5,0
20,renault,91,5,5,0
21,renault,91,5,5,0
1,alphatauri,6,5,5,0
2,ferrari,19,5,5,0
3,ferrari,27,5,5,0
4,racing_point,42,5,5,0
5,racing_point,41,5,5,0
6,ferrari,61,5,5,0
7,ferrari,61,5,5,0
8,renault,71,5,5,0
9,renault,83,5,5,0
10,renault,99,5,5,0
11,renault,114,5,5,0
12,renault,120,5,5,0
13,racing_point,134,5,5,0
14,renault,136,5,5,0
15,renault,144,5,5,0
16,renault,172,5,5,0
17,renault,181,5,5,0
1,alphatauri,2,5,5,0
2,alphatauri,8,5,5,0
3,alpine,13,5,5,0
4,alpine,15,5,5,0
5,aston_martin,19,5,5,0
6,alphatauri,39,5,5,0
7,alphatauri,45,5,5,0
8,alphatauri,46,5,5,0
9,alphatauri,48,5,5,0
10,alphatauri,49,5,5,0
1,alpine,8,5,5,0
2,haas,12,5,5,0
3,alpine,22,5,5,0
4,alfa,25,5,5,0
5,alfa,31,5,5,0
6,alfa,39,5,5,0
7,alfa,41,5,5,0
8,alpine,47,5,5,0
9,alpine,57,5,5,0
10,alpine,67,5,5,0
11,alpine,81,5,5,0
12,mclaren,89,5,5,0
13,mclaren,95,5,5,0
14,mclaren,95,5,5,0
15,mclaren,101,5,5,0
16,mclaren,107,5,5,0
17,alpine,125,5,5,0
18,mclaren,130,5,5,0
19,mclaren,138,5,5,0
20,mclaren,146,5,5,0
21,mclaren,148,5,5,0
22,mclaren,159,5,5,0
1,red_bull,16,4,4,0
2,renault,18,4,4,0
3,mercedes,44,4,4,0
4,mercedes,60,4,4,0
5,mercedes,72,4,4,0
6,mercedes,78,4,4,0
7,mercedes,100,4,4,0
8,mercedes,108,4,4,0
9,mercedes,109,4,4,0
10,mercedes,126,4,4,0
11,mercedes,132,4,4,0
12,mercedes,132,4,4,0
13,mercedes,146,4,4,0
14,mercedes,158,4,4,0
15,mercedes,168,4,4,0
16,mercedes,176,4,4,0
17,mercedes,188,4,4,0
18,mercedes,202,4,4,0
19,mercedes,214,4,4,0
1,renault,15,4,4,0
2,renault,30,4,4,0
3,renault,32,4,4,0
4,renault,42,4,4,0
5,renault,46,4,4,0
6,renault,50,4,4,0
7,renault,60,4,4,0
8,renault,61,4,4,0
9,mercedes,68,4,4,0
10,mercedes,78,4,4,0
11,mercedes,80,4,4,0
12,mercedes,98,4,4,0
13,mercedes,108,4,4,0
14,mercedes,114,4,4,0
15,mercedes,123,4,4,0
16,mercedes,127,4,4,0
17,mercedes,145,4,4,0
18,mercedes,159,4,4,0
19,mercedes,165,4,4,0
1,ferrari,10,4,4,0
2,sauber,30,4,4,0
3,sauber,31,4,4,0
6,lotus_f1,86,4,4,0
10,lotus_f1,159,4,4,0
13,lotus_f1,217,4,4,0
14,lotus_f1,231,4,4,0
15,lotus_f1,239,4,4,0
16,lotus_f1,255,4,4,0
17,lotus_f1,263,4,4,0
1,mercedes,10,4,4,0
2,mercedes,37,4,4,0
3,mercedes,52,4,4,0
4,mercedes,64,4,4,0
5,mercedes,72,4,4,0
1,williams,10,4,4,0
2,williams,20,4,4,0
3,red_bull,35,4,4,0
4,ferrari,52,4,4,0
5,force_india,57,4,4,0
6,force_india,67,4,4,0
7,force_india,77,4,4,0
8,force_india,87,4,4,0
9,williams,103,4,4,0
10,ferrari,116,4,4,0
11,williams,135,4,4,0
12,williams,150,4,4,0
13,ferrari,162,4,4,0
14,ferrari,178,4,4,0
15,ferrari,178,4,4,0
16,ferrari,188,4,4,0
17,ferrari,196,4,4,0
18,ferrari,210,4,4,0
19,ferrari,216,4,4,0
1,williams,12,4,4,0
2,sauber,14,4,4,0
3,sauber,19,4,4,0
4,red_bull,23,4,4,0
5,red_bull,30,4,4,0
6,red_bull,52,4,4,0
7,red_bull,54,4,4,0
8,red_bull,55,4,4,0
9,red_bull,63,4,4,0
10,red_bull,96,4,4,0
11,red_bull,108,4,4,0
12,red_bull,113,4,4,0
13,red_bull,139,4,4,0
14,red_bull,139,4,4,0
15,red_bull,149,4,4,0
16,red_bull,150,4,4,0
17,red_bull,172,4,4,0
18,red_bull,178,4,4,0
19,red_bull,187,4,4,0
1,red_bull,12,4,4,0
2,williams,20,4,4,0
3,williams,29,4,4,0
4,williams,51,4,4,0
5,williams,65,4,4,0
6,williams,66,4,4,0
7,williams,81,4,4,0
8,williams,90,4,4,0
9,williams,92,4,4,0
10,williams,92,4,4,0
11,williams,94,4,4,0
12,williams,96,4,4,0
13,force_india,103,4,4,0
14,williams,111,4,4,0
15,force_india,112,4,4,0
16,force_india,124,4,4,0
17,force_india,134,4,4,0
18,force_india,138,4,4,0
19,force_india,145,4,4,0
20,force_india,163,4,4,0
21,force_india,173,4,4,0
1,williams,8,4,4,0
2,toro_rosso,12,4,4,0
3,force_india,17,4,4,0
4,force_india,31,4,4,0
5,force_india,53,4,4,0
6,force_india,53,4,4,0
7,force_india,71,4,4,0
8,force_india,79,4,4,0
9,force_india,89,4,4,0
10,force_india,95,4,4,0
11,force_india,101,4,4,0
12,force_india,103,4,4,0
13,force_india,113,4,4,0
14,force_india,124,4,4,0
15,force_india,133,4,4,0
16,force_india,147,4,4,0
17,force_india,159,4,4,0
18,force_india,175,4,4,0
19,force_india,177,4,4,0
20,force_india,187,4,4,0
1,mclaren,12,4,4,0
2,red_bull,20,4,4,0
3,mclaren,28,4,4,0
4,mclaren,36,4,4,0
5,renault,41,4,4,0
6,renault,46,4,4,0
7,renault,56,4,4,0
8,renault,62,4,4,0
9,renault,62,4,4,0
10,renault,70,4,4,0
11,renault,80,4,4,0
12,renault,82,4,4,0
13,renault,82,4,4,0
14,renault,86,4,4,0
15,renault,91,4,4,0
16,renault,91,4,4,0
17,renault,92,4,4,0
18,renault,106,4,4,0
19,renault,114,4,4,0
20,renault,114,4,4,0
21,renault,122,4,4,0
1,haas,8,4,4,0
2,alfa,10,4,4,0
3,renault,12,4,4,0
4,mclaren,18,4,4,0
5,mclaren,22,4,4,0
6,mclaren,30,4,4,0
7,mclaren,30,4,4,0
8,mclaren,40,4,4,0
9,mclaren,52,4,4,0
10,mclaren,60,4,4,0
11,mclaren,70,4,4,0
12,mclaren,82,4,4,0
13,mclaren,82,4,4,0
14,mclaren,83,4,4,0
15,mclaren,89,4,4,0
16,mclaren,101,4,4,0
17,mclaren,111,4,4,0
18,mclaren,111,4,4,0
19,mclaren,121,4,4,0
20,mclaren,140,4,4,0
21,mclaren,145,4,4,0
1,racing_point,8,4,4,0
2,racing_point,22,4,4,0
3,racing_point,40,4,4,0
4,ferrari,43,4,4,0
5,mclaren,53,4,4,0
6,mclaren,62,4,4,0
7,racing_point,66,4,4,0
8,racing_point,82,4,4,0
9,racing_point,92,4,4,0
10,racing_point,104,4,4,0
11,mclaren,116,4,4,0
12,mclaren,124,4,4,0
13,mclaren,134,4,4,0
14,mclaren,149,4,4,0
15,racing_point,154,4,4,0
16,mclaren,184,4,4,0
1,ferrari,12,4,4,0
2,ferrari,34,4,4,0
3,ferrari,42,4,4,0
4,ferrari,60,4,4,0
5,ferrari,78,4,4,0
6,mclaren,92,4,4,0
7,ferrari,94,4,4,0
8,ferrari,108,4,4,0
9,ferrari,122,4,4,0
10,ferrari,148,4,4,0
11,mclaren,163,4,4,0
12,ferrari,166,4,4,0
13,mclaren,170,4,4,0
14,ferrari,202,4,4,0
15,ferrari,216,4,4,0
16,ferrari,232,4,4,0
17,ferrari,250,4,4,0
1,alfa,9,4,4,0
2,alpine,16,4,4,0
3,mclaren,24,4,4,0
4,mclaren,46,4,4,0
5,mclaren,46,4,4,0
6,mclaren,50,4,4,0
7,mclaren,59,4,4,0
8,mclaren,65,4,4,0
9,mclaren,65,4,4,0
10,mclaren,73,4,4,0
11,mclaren,81,4,4,0
12,alpine,93,4,4,0
13,alpine,99,4,4,0
14,alpine,115,4,4,0
15,alpine,125,4,4,0
16,alpine,125,4,4,0
17,mclaren,129,4,4,0
18,alpine,143,4,4,0
19,alpine,149,4,4,0
20,alpine,153,4,4,0
21,alpine,167,4,4,0
22,alpine,173,4,4,0
2,williams,5,7,7,0
3,williams,6,7,7,0
4,williams,6,7,7,0
5,williams,8,7,7,0
6,williams,8,7,7,0
7,williams,8,7,7,0
9,williams,20,7,7,0
10,williams,31,7,7,0
11,williams,31,7,7,0
12,williams,40,7,7,0
13,williams,40,7,7,0
14,williams,47,7,7,0
15,williams,56,7,7,0
16,williams,58,7,7,0
17,williams,65,7,7,0
18,force_india,68,7,7,0
19,force_india,68,7,7,0
2,force_india,4,7,7,0
6,force_india,10,7,7,0
10,force_india,20,7,7,0
11,force_india,26,7,7,0
12,force_india,32,7,7,0
13,sauber,35,7,7,0
14,sauber,36,7,7,0
15,sauber,40,7,7,0
16,sauber,40,7,7,0
17,sauber,41,7,7,0
18,sauber,42,7,7,0
19,sauber,44,7,7,0
1,force_india,1,7,7,0
2,williams,8,7,7,0
3,williams,18,7,7,0
4,williams,18,7,7,0
5,sauber,41,7,7,0
6,sauber,41,7,7,0
12,force_india,59,7,7,0
13,force_india,63,7,7,0
14,force_india,75,7,7,0
15,force_india,81,7,7,0
16,force_india,89,7,7,0
17,force_india,93,7,7,0
18,force_india,95,7,7,0
19,force_india,99,7,7,0
20,force_india,109,7,7,0
2,mclaren,4,7,7,0
14,sauber,31,7,7,0
15,sauber,45,7,7,0
16,sauber,45,7,7,0
17,sauber,45,7,7,0
18,sauber,53,7,7,0
19,sauber,57,7,7,0
6,lotus_f1,8,7,7,0
2,force_india,7,7,7,0
3,force_india,7,7,7,0
6,lotus_f1,16,7,7,0
7,force_india,21,7,7,0
8,sauber,21,7,7,0
9,sauber,21,7,7,0
2,force_india,6,7,7,0
3,force_india,6,7,7,0
4,mclaren,10,7,7,0
5,force_india,14,7,7,0
6,mclaren,24,7,7,0
7,mclaren,24,7,7,0
8,mclaren,24,7,7,0
9,mclaren,32,7,7,0
10,mclaren,32,7,7,0
11,mclaren,38,7,7,0
12,mclaren,42,7,7,0
2,haas,4,7,7,0
3,haas,8,7,7,0
4,haas,8,7,7,0
5,renault,14,7,7,0
6,renault,14,7,7,0
7,renault,18,7,7,0
8,haas,21,7,7,0
9,haas,29,7,7,0
10,haas,29,7,7,0
11,haas,29,7,7,0
12,haas,35,7,7,0
13,haas,35,7,7,0
14,renault,42,7,7,0
15,renault,42,7,7,0
16,haas,43,7,7,0
17,renault,48,7,7,0
18,renault,48,7,7,0
19,renault,49,7,7,0
2,haas,10,7,7,0
3,haas,11,7,7,0
5,force_india,18,7,7,0
8,haas,27,7,7,0
9,force_india,42,7,7,0
10,mclaren,48,7,7,0
11,mclaren,48,7,7,0
12,mclaren,52,7,7,0
14,force_india,32,7,7,0
15,force_india,32,7,7,0
16,force_india,35,7,7,0
17,force_india,43,7,7,0
18,force_india,47,7,7,0
19,force_india,47,7,7,0
20,force_india,48,7,7,0
21,force_india,52,7,7,0
1,racing_point,2,7,7,0
2,renault,6,7,7,0
3,mclaren,8,7,7,0
4,renault,12,7,7,0
5,alfa,13,7,7,0
8,alfa,19,7,7,0
9,racing_point,19,7,7,0
10,racing_point,19,7,7,0
11,racing_point,31,7,7,0
12,alfa,32,7,7,0
13,racing_point,40,7,7,0
14,racing_point,46,7,7,0
15,racing_point,46,7,7,0
16,racing_point,52,7,7,0
17,racing_point,58,7,7,0
18,racing_point,64,7,7,0
20,racing_point,67,7,7,0
21,racing_point,73,7,7,0
1,alfa,2,7,7,0
2,alphatauri,7,7,7,0
3,alphatauri,7,7,7,0
4,alphatauri,13,7,7,0
5,alphatauri,14,7,7,0
6,alphatauri,16,7,7,0
7,alphatauri,20,7,7,0
2,alpine,3,7,7,0
3,aston_martin,5,7,7,0
4,aston_martin,5,7,7,0
5,alpine,17,7,7,0
6,alpine,25,7,7,0
7,alpine,29,7,7,0
8,alpine,31,7,7,0
9,alpine,32,7,7,0
10,alpine,40,7,7,0
11,aston_martin,48,7,7,0
12,aston_martin,53,7,7,0
13,aston_martin,53,7,7,0
14,aston_martin,59,7,7,0
15,aston_martin,59,7,7,0
16,aston_martin,61,7,7,0
17,aston_martin,62,7,7,0
18,aston_martin,68,7,7,0
19,aston_martin,68,7,7,0
20,aston_martin,77,7,7,0
21,aston_martin,77,7,7,0
22,aston_martin,77,7,7,0
2,alphatauri,8,7,7,0
3,haas,12,7,7,0
4,alphatauri,16,7,7,0
5,alphatauri,16,7,7,0
6,alphatauri,17,7,7,0
7,alphatauri,17,7,7,0
8,alphatauri,27,7,7,0
9,alphatauri,27,7,7,0
10,alphatauri,27,7,7,0
11,haas,34,7,7,0
12,haas,34,7,7,0
13,haas,34,7,7,0
14,haas,34,7,7,0
15,haas,34,7,7,0
16,haas,34,7,7,0
17,aston_martin,37,7,7,0
18,aston_martin,45,7,7,0
19,aston_martin,49,7,7,0
20,aston_martin,49,7,7,0
21,aston_martin,50,7,7,0
22,aston_martin,55,7,7,0
8,toro_rosso,8,7,7,0
3,toro_rosso,4,7,7,0
4,toro_rosso,6,7,7,0
5,toro_rosso,6,7,7,0
7,toro_rosso,12,7,7,0
8,toro_rosso,16,7,7,0
9,toro_rosso,17,7,7,0
3,toro_rosso,7,7,7,0
4,toro_rosso,7,7,7,0
5,toro_rosso,8,7,7,0
6,toro_rosso,12,7,7,0
7,toro_rosso,20,7,7,0
8,toro_rosso,24,7,7,0
9,toro_rosso,24,7,7,0
10,toro_rosso,24,7,7,0
11,toro_rosso,25,7,7,0
12,toro_rosso,31,7,7,0
13,toro_rosso,31,7,7,0
2,toro_rosso,7,7,7,0
3,toro_rosso,7,7,7,0
4,toro_rosso,8,7,7,0
5,toro_rosso,8,7,7,0
7,toro_rosso,12,7,7,0
8,toro_rosso,12,7,7,0
9,toro_rosso,15,7,7,0
10,toro_rosso,15,7,7,0
11,toro_rosso,17,7,7,0
12,toro_rosso,19,7,7,0
13,toro_rosso,19,7,7,0
14,toro_rosso,27,7,7,0
15,toro_rosso,29,7,7,0
16,toro_rosso,29,7,7,0
17,toro_rosso,30,7,7,0
18,toro_rosso,30,7,7,0
19,toro_rosso,30,7,7,0
1,toro_rosso,2,7,7,0
4,toro_rosso,12,7,7,0
5,toro_rosso,14,7,7,0
10,toro_rosso,31,7,7,0
11,toro_rosso,35,7,7,0
12,toro_rosso,35,7,7,0
13,toro_rosso,41,7,7,0
14,toro_rosso,44,7,7,0
15,toro_rosso,45,7,7,0
16,toro_rosso,63,7,7,0
17,toro_rosso,65,7,7,0
18,toro_rosso,67,7,7,0
19,toro_rosso,67,7,7,0
1,toro_rosso,3,7,7,0
13,toro_rosso,45,7,7,0
14,toro_rosso,45,7,7,0
15,toro_rosso,47,7,7,0
16,toro_rosso,47,7,7,0
17,toro_rosso,47,7,7,0
18,toro_rosso,55,7,7,0
19,toro_rosso,55,7,7,0
20,toro_rosso,63,7,7,0
21,toro_rosso,63,7,7,0
20,toro_rosso,53,7,7,0
4,toro_rosso,13,7,7,0
6,toro_rosso,19,7,7,0
7,toro_rosso,19,7,7,0
13,toro_rosso,30,7,7,0
6,toro_rosso,16,7,7,0
7,toro_rosso,17,7,7,0
19,toro_rosso,64,7,7,0
1,williams,1,6,6,0
2,force_india,8,6,6,0
3,force_india,18,6,6,0
4,force_india,18,6,6,0
5,force_india,24,6,6,0
6,force_india,30,6,6,0
7,force_india,32,6,6,0
8,force_india,35,6,6,0
9,force_india,43,6,6,0
10,force_india,47,6,6,0
11,force_india,47,6,6,0
12,force_india,47,6,6,0
13,force_india,58,6,6,0
14,force_india,58,6,6,0
15,force_india,60,6,6,0
16,force_india,60,6,6,0
17,force_india,68,6,6,0
18,williams,69,6,6,0
19,williams,69,6,6,0
1,force_india,3,6,6,0
2,toro_rosso,4,6,6,0
3,sauber,7,6,6,0
4,sauber,8,6,6,0
5,sauber,11,6,6,0
6,sauber,21,6,6,0
7,sauber,27,6,6,0
8,sauber,27,6,6,0
9,sauber,33,6,6,0
10,sauber,35,6,6,0
11,sauber,35,6,6,0
12,sauber,35,6,6,0
13,force_india,36,6,6,0
14,force_india,48,6,6,0
15,force_india,48,6,6,0
16,force_india,49,6,6,0
17,force_india,51,6,6,0
18,force_india,57,6,6,0
19,force_india,69,6,6,0
1,toro_rosso,2,6,6,0
2,force_india,9,6,6,0
3,lotus_f1,24,6,6,0
4,sauber,31,6,6,0
7,sauber,58,6,6,0
8,sauber,60,6,6,0
9,sauber,60,6,6,0
10,sauber,80,6,6,0
11,sauber,80,6,6,0
12,sauber,80,6,6,0
13,sauber,100,6,6,0
14,sauber,101,6,6,0
15,sauber,116,6,6,0
16,sauber,116,6,6,0
17,sauber,116,6,6,0
18,sauber,124,6,6,0
19,sauber,124,6,6,0
20,sauber,126,6,6,0
1,mclaren,2,6,6,0
2,sauber,4,6,6,0
3,force_india,14,6,6,0
4,mclaren,23,6,6,0
5,mclaren,29,6,6,0
6,mclaren,37,6,6,0
7,mclaren,37,6,6,0
8,mclaren,37,6,6,0
9,mclaren,49,6,6,0
10,mclaren,57,6,6,0
11,force_india,61,6,6,0
12,force_india,61,6,6,0
13,force_india,62,6,6,0
14,force_india,62,6,6,0
15,force_india,62,6,6,0
16,force_india,68,6,6,0
17,force_india,77,6,6,0
18,force_india,77,6,6,0
19,force_india,77,6,6,0
1,toro_rosso,6,6,6,0
2,red_bull,15,6,6,0
3,williams,30,6,6,0
4,williams,36,6,6,0
5,mclaren,43,6,6,0
6,williams,52,6,6,0
7,williams,58,6,6,0
8,mclaren,72,6,6,0
9,mclaren,90,6,6,0
10,mclaren,96,6,6,0
11,mclaren,97,6,6,0
12,force_india,103,6,6,0
13,force_india,109,6,6,0
14,mclaren,111,6,6,0
15,mclaren,121,6,6,0
16,force_india,123,6,6,0
17,force_india,123,6,6,0
18,force_india,127,6,6,0
19,force_india,155,6,6,0
1,force_india,7,6,6,0
2,red_bull,11,6,6,0
3,toro_rosso,12,6,6,0
4,lotus_f1,12,6,6,0
5,lotus_f1,16,6,6,0
6,force_india,17,6,6,0
7,sauber,21,6,6,0
8,lotus_f1,29,6,6,0
9,lotus_f1,29,6,6,0
10,lotus_f1,35,6,6,0
11,force_india,49,6,6,0
12,lotus_f1,50,6,6,0
13,lotus_f1,50,6,6,0
14,lotus_f1,60,6,6,0
15,lotus_f1,66,6,6,0
16,lotus_f1,70,6,6,0
17,lotus_f1,71,6,6,0
18,lotus_f1,76,6,6,0
19,lotus_f1,78,6,6,0
1,force_india,6,6,6,0
2,toro_rosso,11,6,6,0
3,toro_rosso,17,6,6,0
4,toro_rosso,17,6,6,0
5,haas,22,6,6,0
6,toro_rosso,30,6,6,0
7,toro_rosso,32,6,6,0
8,toro_rosso,32,6,6,0
9,toro_rosso,36,6,6,0
10,toro_rosso,41,6,6,0
11,toro_rosso,45,6,6,0
12,toro_rosso,45,6,6,0
13,mclaren,48,6,6,0
14,mclaren,48,6,6,0
15,mclaren,54,6,6,0
16,mclaren,62,6,6,0
17,mclaren,62,6,6,0
18,mclaren,74,6,6,0
19,mclaren,74,6,6,0
20,mclaren,75,6,6,0
21,mclaren,76,6,6,0
1,toro_rosso,6,6,6,0
2,williams,8,6,6,0
3,toro_rosso,12,6,6,0
4,toro_rosso,13,6,6,0
5,williams,18,6,6,0
6,williams,20,6,6,0
7,williams,22,6,6,0
8,toro_rosso,33,6,6,0
9,toro_rosso,33,6,6,0
10,toro_rosso,33,6,6,0
11,toro_rosso,39,6,6,0
12,toro_rosso,40,6,6,0
13,toro_rosso,40,6,6,0
14,toro_rosso,52,6,6,0
15,toro_rosso,52,6,6,0
16,toro_rosso,52,6,6,0
17,toro_rosso,53,6,6,0
18,toro_rosso,53,6,6,0
19,toro_rosso,53,6,6,0
20,renault,57,6,6,0
2,toro_rosso,12,6,6,0
3,toro_rosso,12,6,6,0
4,force_india,16,6,6,0
5,haas,19,6,6,0
6,force_india,26,6,6,0
7,force_india,28,6,6,0
8,force_india,28,6,6,0
9,mclaren,44,6,6,0
10,force_india,49,6,6,0
11,haas,59,6,6,0
12,force_india,59,6,6,0
13,mclaren,52,6,6,0
14,mclaren,52,6,6,0
15,mclaren,58,6,6,0
16,mclaren,58,6,6,0
17,mclaren,58,6,6,0
18,mclaren,58,6,6,0
19,mclaren,62,6,6,0
20,mclaren,62,6,6,0
21,mclaren,62,6,6,0
1,alfa,4,6,6,0
2,haas,8,6,6,0
3,haas,8,6,6,0
4,alfa,13,6,6,0
5,haas,15,6,6,0
6,haas,16,6,6,0
7,racing_point,19,6,6,0
8,racing_point,19,6,6,0
9,alfa,22,6,6,0
10,alfa,26,6,6,0
11,renault,39,6,6,0
12,renault,39,6,6,0
13,renault,43,6,6,0
14,toro_rosso,51,6,6,0
15,toro_rosso,55,6,6,0
16,toro_rosso,55,6,6,0
17,toro_rosso,62,6,6,0
18,toro_rosso,64,6,6,0
19,racing_point,65,6,6,0
20,toro_rosso,83,6,6,0
21,toro_rosso,85,6,6,0
1,renault,4,6,6,0
2,renault,8,6,6,0
3,renault,12,6,6,0
4,renault,32,6,6,0
5,renault,36,6,6,0
6,renault,36,6,6,0
7,renault,59,6,6,0
8,ferrari,61,6,6,0
9,ferrari,66,6,6,0
10,ferrari,74,6,6,0
11,ferrari,80,6,6,0
12,ferrari,93,6,6,0
13,ferrari,103,6,6,0
14,ferrari,130,6,6,0
15,ferrari,131,6,6,0
16,ferrari,131,6,6,0
17,ferrari,131,6,6,0
1,aston_martin,1,6,6,0
2,aston_martin,5,6,6,0
3,alphatauri,9,6,6,0
4,alphatauri,10,6,6,0
5,alphatauri,18,6,6,0
6,aston_martin,37,6,6,0
7,aston_martin,40,6,6,0
8,aston_martin,44,6,6,0
9,aston_martin,44,6,6,0
10,aston_martin,48,6,6,0
11,alphatauri,68,6,6,0
12,alphatauri,72,6,6,0
13,alphatauri,84,6,6,0
14,alphatauri,84,6,6,0
15,alphatauri,84,6,6,0
16,alphatauri,92,6,6,0
17,alphatauri,94,6,6,0
18,alphatauri,106,6,6,0
19,alphatauri,112,6,6,0
20,alphatauri,112,6,6,0
21,alphatauri,120,6,6,0
22,alphatauri,142,6,6,0
1,alphatauri,4,6,6,0
2,alfa,9,6,6,0
3,alfa,13,6,6,0
4,alpine,22,6,6,0
5,alpine,26,6,6,0
6,alpine,34,6,6,0
7,alpine,40,6,6,0
8,alfa,41,6,6,0
9,alfa,51,6,6,0
10,alfa,51,6,6,0
11,alfa,51,6,6,0
12,alfa,51,6,6,0
13,alfa,51,6,6,0
14,alfa,51,6,6,0
15,alfa,51,6,6,0
16,alfa,52,6,6,0
17,alfa,52,6,6,0
18,alfa,52,6,6,0
19,alfa,52,6,6,0
20,alfa,53,6,6,0
21,alfa,55,6,6,0
22,alfa,55,6,6,0
1,ferrari,43,1,1,1
2,ferrari,70,1,1,1
2,mclaren,54,2,2,1
3,ferrari,76,1,1,1
3,mclaren,66,2,2,1
3,red_bull,61,3,3,1
4,ferrari,90,2,2,1
4,red_bull,73,3,3,1
5,ferrari,116,2,2,1
6,ferrari,136,2,2,1
7,ferrari,146,3,3,1
8,ferrari,161,3,3,1
9,ferrari,165,3,3,1
10,ferrari,165,3,3,1
1,red_bull,35,1,1,1
3,mclaren,85,2,2,1
4,mclaren,105,2,2,1
5,mclaren,138,2,2,1
6,mclaren,161,2,2,1
9,ferrari,164,3,3,1
10,ferrari,192,3,3,1
11,ferrari,215,3,3,1
12,ferrari,231,3,3,1
13,ferrari,254,3,3,1
14,ferrari,268,3,3,1
15,ferrari,292,3,3,1
16,ferrari,310,3,3,1
17,ferrari,325,3,3,1
18,ferrari,353,3,3,1
19,ferrari,375,3,3,1
1,mclaren,40,1,1,1
2,mclaren,55,1,1,1
2,ferrari,35,3,3,1
3,mclaren,88,1,1,1
3,ferrari,37,3,3,1
3,mercedes,26,5,5,1
4,red_bull,101,1,1,1
4,mclaren,92,2,2,1
4,ferrari,45,4,4,1
4,mercedes,37,5,5,1
5,red_bull,109,1,1,1
5,mclaren,98,2,2,1
5,ferrari,63,4,4,1
5,mercedes,43,5,5,1
5,williams,43,6,6,1
6,mclaren,108,2,2,1
6,ferrari,86,3,3,1
6,mercedes,61,5,5,1
6,williams,44,6,6,1
7,ferrari,97,4,4,1
7,mercedes,69,5,5,1
7,williams,44,7,7,1
8,mercedes,92,5,5,1
8,williams,45,7,7,1
9,mercedes,98,5,5,1
9,williams,47,7,7,1
10,mercedes,105,5,5,1
10,williams,47,7,7,1
11,mercedes,106,5,5,1
11,williams,53,7,7,1
12,mercedes,112,5,5,1
12,williams,53,8,8,1
13,mercedes,126,5,5,1
13,williams,54,8,8,1
14,mercedes,136,5,5,1
14,williams,54,8,8,1
15,mercedes,136,5,5,1
15,williams,58,8,8,1
16,mercedes,136,5,5,1
16,williams,58,8,8,1
17,mercedes,136,5,5,1
17,williams,59,8,8,1
18,lotus_f1,288,4,4,1
18,mercedes,136,5,5,1
18,williams,73,8,8,1
19,lotus_f1,302,4,4,1
19,mercedes,136,5,5,1
19,williams,76,8,8,1
20,lotus_f1,303,4,4,1
20,mercedes,142,5,5,1
20,williams,76,8,8,1
1,lotus_f1,26,2,2,1
2,red_bull,66,1,1,1
2,lotus_f1,40,2,2,1
3,red_bull,78,1,1,1
3,ferrari,73,2,2,1
3,lotus_f1,60,3,3,1
4,lotus_f1,93,2,2,1
4,ferrari,77,3,3,1
5,lotus_f1,111,3,3,1
6,lotus_f1,112,3,3,1
6,mercedes,109,4,4,1
7,mercedes,134,3,3,1
7,lotus_f1,114,4,4,1
8,lotus_f1,124,4,4,1
9,lotus_f1,157,4,4,1
10,lotus_f1,183,4,4,1
11,lotus_f1,187,4,4,1
12,lotus_f1,191,4,4,1
13,lotus_f1,206,4,4,1
14,lotus_f1,239,4,4,1
15,lotus_f1,264,4,4,1
16,lotus_f1,285,4,4,1
17,lotus_f1,297,4,4,1
18,lotus_f1,315,4,4,1
19,lotus_f1,315,4,4,1
1,mercedes,25,2,2,1
7,red_bull,139,2,2,1
8,red_bull,143,2,2,1
9,red_bull,168,2,2,1
10,red_bull,188,2,2,1
1,mercedes,43,1,1,1
2,mercedes,76,1,1,1
2,ferrari,52,2,2,1
3,ferrari,79,2,2,1
4,ferrari,107,2,2,1
5,ferrari,132,2,2,1
6,ferrari,158,2,2,1
7,ferrari,180,2,2,1
8,ferrari,192,2,2,1
9,ferrari,211,2,2,1
1,mercedes,43,1,1,1
5,red_bull,94,3,3,1
6,red_bull,112,3,3,1
7,red_bull,130,3,3,1
8,red_bull,140,3,3,1
9,red_bull,168,3,3,1
10,red_bull,198,3,3,1
11,red_bull,223,3,3,1
12,red_bull,256,2,2,1
13,red_bull,274,2,2,1
14,red_bull,290,2,2,1
15,red_bull,316,2,2,1
1,ferrari,37,1,1,1
2,mercedes,66,1,1,1
2,ferrari,65,2,2,1
3,mercedes,99,2,2,1
8,red_bull,137,3,3,1
9,red_bull,152,3,3,1
10,red_bull,174,3,3,1
11,red_bull,184,3,3,1
12,red_bull,199,3,3,1
13,red_bull,212,3,3,1
14,red_bull,230,3,3,1
1,ferrari,40,1,1,1
3,red_bull,55,3,3,1
4,mercedes,110,2,2,1
4,red_bull,55,3,3,1
5,red_bull,80,3,3,1
1,mercedes,44,1,1,1
9,red_bull,169,3,3,1
10,red_bull,191,3,3,1
13,ferrari,326,2,2,1
1,mercedes,37,1,1,1
5,red_bull,113,2,2,1
6,red_bull,135,2,2,1
7,red_bull,158,2,2,1
8,red_bull,158,2,2,1
8,alphatauri,47,7,7,1
9,red_bull,173,2,2,1
9,alphatauri,53,7,7,1
10,red_bull,192,2,2,1
10,alphatauri,59,7,7,1
11,red_bull,211,2,2,1
11,alphatauri,67,7,7,1
12,red_bull,226,2,2,1
12,alphatauri,77,7,7,1
13,red_bull,226,2,2,1
13,alphatauri,89,7,7,1
14,red_bull,240,2,2,1
14,alphatauri,89,7,7,1
15,red_bull,274,2,2,1
15,alphatauri,97,7,7,1
16,red_bull,282,2,2,1
16,racing_point,194,3,3,1
16,alphatauri,103,7,7,1
17,racing_point,195,4,4,1
17,alphatauri,107,7,7,1
1,mercedes,41,1,1,1
2,mercedes,60,1,1,1
2,red_bull,53,2,2,1
3,red_bull,83,2,2,1
4,red_bull,112,2,2,1
11,alpine,77,5,5,1
12,alpine,80,5,5,1
13,alpine,90,5,5,1
14,mclaren,215,3,3,1
14,alpine,95,5,5,1
15,mclaren,234,3,3,1
15,alpine,103,5,5,1
16,mclaren,240,3,3,1
16,alpine,104,5,5,1
17,mclaren,254,3,3,1
17,alpine,104,5,5,1
18,mclaren,255,4,4,1
18,alpine,106,5,5,1
19,mclaren,256,4,4,1
19,alpine,112,5,5,1
20,mclaren,258,4,4,1
20,alpine,137,5,5,1
21,mclaren,269,4,4,1
21,alpine,149,5,5,1
22,mclaren,275,4,4,1
22,alpine,155,5,5,1
1,ferrari,44,1,1,1
2,ferrari,78,1,1,1
2,red_bull,37,3,3,1
3,red_bull,55,3,3,1
21,mercedes,505,3,3,1
22,mercedes,515,3,3,1
8,ferrari,122,4,4,2
9,mclaren,142,4,4,2
11,ferrari,189,4,4,3
12,ferrari,199,4,4,3
5,red_bull,113,3,3,2
6,mclaren,129,3,3,2
11,ferrari,208,3,3,2
12,ferrari,238,3,3,2
13,ferrari,250,3,3,2
14,ferrari,290,3,3,3
15,ferrari,319,3,3,4
16,ferrari,334,3,3,4
17,ferrari,374,3,3,5
18,ferrari,389,3,3,5
19,ferrari,396,3,3,5
10,mclaren,160,3,3,2
13,ferrari,226,3,3,3
14,ferrari,245,3,3,3
15,ferrari,263,3,3,3
16,mclaren,284,3,3,5
17,mclaren,306,3,3,5
18,mclaren,318,3,3,5
19,mclaren,353,3,3,6
20,mclaren,378,3,3,7
8,ferrari,168,3,3,2
9,ferrari,180,3,3,2
10,ferrari,194,3,3,2
11,ferrari,218,3,3,2
12,mercedes,245,3,3,3
13,mercedes,267,3,3,3
14,mercedes,283,3,3,3
15,mercedes,287,3,3,3
16,ferrari,309,3,3,2
17,ferrari,323,3,3,2
18,ferrari,333,3,3,2
19,ferrari,354,3,3,2
15,red_bull,270,3,3,2
16,red_bull,303,3,3,2
17,red_bull,315,3,3,2
18,red_bull,340,3,3,3
19,red_bull,358,3,3,3
20,red_bull,368,3,3,3
6,red_bull,107,3,3,2
7,red_bull,134,3,3,2
8,red_bull,164,3,3,2
9,red_bull,189,3,3,3
10,red_bull,199,3,3,3
11,red_bull,211,3,3,3
12,red_bull,223,3,3,3
13,red_bull,238,3,3,3
14,red_bull,248,3,3,3
15,red_bull,274,3,3,3
16,red_bull,292,3,3,3
17,red_bull,319,3,3,3
18,red_bull,337,3,3,3
19,red_bull,362,3,3,4
20,red_bull,392,3,3,4
21,red_bull,419,3,3,4
11,red_bull,217,3,3,2
12,red_bull,244,3,3,2
13,red_bull,254,3,3,2
14,red_bull,266,3,3,2
15,red_bull,289,3,3,2
16,red_bull,311,3,3,2
17,red_bull,323,3,3,2
18,red_bull,341,3,3,2
19,red_bull,366,3,3,2
20,red_bull,391,3,3,3
21,red_bull,417,3,3,3
7,red_bull,171,2,2,3
8,red_bull,193,2,2,3
9,red_bull,218,2,2,4
10,red_bull,249,2,2,5
11,red_bull,272,2,2,5
12,mclaren,304,2,2,4
13,mclaren,329,2,2,5
14,mclaren,347,2,2,5
15,mclaren,359,2,2,5
16,mclaren,381,2,2,5
17,mclaren,399,2,2,5
18,mclaren,421,2,2,5
19,mclaren,454,2,2,5
7,mclaren,186,2,2,2
8,mclaren,206,2,2,2
9,mclaren,218,2,2,2
10,mclaren,243,2,2,3
11,mclaren,280,2,2,4
12,mclaren,295,2,2,4
13,mclaren,325,2,2,4
14,mclaren,353,2,2,4
15,mclaren,388,2,2,5
16,mclaren,418,2,2,5
17,mclaren,442,2,2,5
18,mclaren,482,2,2,6
19,mclaren,497,2,2,6
7,mclaren,133,2,2,2
8,mclaren,137,2,2,2
11,mclaren,193,2,2,3
12,mclaren,218,2,2,4
13,mclaren,243,2,2,5
14,mclaren,261,2,2,5
15,mclaren,283,2,2,5
8,mercedes,171,2,2,2
9,mercedes,183,2,2,2
10,mercedes,208,2,2,3
11,mercedes,235,2,2,3
16,mercedes,313,2,2,3
17,mercedes,334,2,2,3
18,mercedes,348,2,2,3
19,mercedes,360,2,2,3
11,red_bull,219,2,2,2
12,red_bull,254,2,2,3
13,red_bull,272,2,2,3
14,red_bull,305,2,2,3
15,red_bull,332,2,2,3
16,red_bull,342,2,2,3
17,red_bull,363,2,2,3
18,red_bull,373,2,2,3
19,red_bull,405,2,2,3
16,red_bull,359,2,2,2
17,red_bull,385,2,2,2
18,red_bull,400,2,2,2
19,red_bull,427,2,2,2
20,red_bull,446,2,2,2
21,red_bull,468,2,2,2
6,mercedes,179,2,2,3
9,mercedes,237,2,2,3
10,mercedes,267,2,2,3
17,red_bull,319,2,2,2
5,mercedes,148,2,2,3
6,mercedes,148,2,2,3
7,mercedes,178,2,2,3
8,mercedes,212,2,2,3
9,mercedes,242,2,2,3
10,mercedes,285,2,2,4
11,red_bull,291,2,2,6
12,red_bull,304,2,2,7
13,red_bull,332,2,2,8
14,red_bull,344,2,2,8
15,red_bull,364,2,2,8
16,red_bull,398,2,2,8
17,red_bull,438,2,2,9
18,red_bull,478,2,2,10
19,red_bull,510,2,2,10
20,red_bull,542,2,2,10
21,red_bull,560,2,2,10
22,red_bull,586,2,2,11
4,red_bull,113,2,2,2
5,red_bull,151,2,2,3
9,ferrari,152,2,2,2
10,ferrari,177,2,2,3
16,ferrari,290,2,2,3
17,ferrari,316,2,2,3
18,ferrari,340,2,2,3
19,ferrari,367,2,2,3
20,ferrari,400,2,2,3
5,ferrari,117,2,2,2
6,ferrari,123,2,2,2
7,ferrari,145,2,2,2
12,ferrari,248,2,2,2
13,ferrari,274,2,2,2
14,ferrari,284,2,2,2
15,ferrari,297,2,2,2
10,ferrari,236,2,2,2
11,ferrari,242,2,2,2
12,ferrari,270,2,2,2
13,ferrari,310,2,2,3
14,ferrari,337,2,2,3
15,ferrari,359,2,2,3
16,ferrari,374,2,2,3
17,ferrari,374,2,2,3
18,ferrari,401,2,2,3
19,ferrari,428,2,2,3
4,ferrari,135,2,2,2
5,ferrari,153,2,2,2
7,ferrari,214,2,2,3
8,ferrari,226,2,2,3
9,ferrari,254,2,2,3
10,ferrari,275,2,2,3
11,ferrari,318,2,2,4
12,ferrari,348,2,2,4
13,ferrari,373,2,2,4
14,ferrari,373,2,2,4
15,ferrari,385,2,2,4
16,ferrari,395,2,2,4
17,ferrari,428,2,2,4
18,ferrari,455,2,2,4
19,ferrari,495,2,2,5
20,ferrari,522,2,2,5
3,ferrari,84,2,2,2
5,ferrari,126,2,2,2
6,ferrari,156,2,2,2
7,ferrari,189,2,2,3
8,ferrari,214,2,2,3
11,ferrari,302,2,2,4
12,ferrari,335,2,2,4
13,ferrari,360,2,2,5
14,ferrari,390,2,2,5
15,ferrari,415,2,2,5
16,ferrari,442,2,2,5
17,ferrari,460,2,2,5
18,ferrari,497,2,2,6
19,ferrari,530,2,2,6
20,ferrari,553,2,2,6
21,ferrari,571,2,2,6
14,ferrari,351,2,2,2
15,ferrari,394,2,2,3
16,ferrari,409,2,2,3
17,ferrari,435,2,2,3
18,ferrari,466,2,2,3
19,ferrari,479,2,2,3
20,ferrari,479,2,2,3
21,ferrari,504,2,2,3
6,ferrari,169,2,2,2
7,ferrari,199,2,2,2
8,ferrari,199,2,2,2
9,ferrari,228,2,2,2
10,ferrari,265,2,2,3
11,ferrari,303,2,2,4
12,ferrari,314,2,2,4
13,ferrari,334,2,2,4
14,ferrari,357,2,2,4
15,ferrari,376,2,2,4
16,ferrari,406,2,2,4
17,ferrari,439,2,2,4
18,ferrari,454,2,2,4
19,ferrari,469,2,2,4
20,ferrari,487,2,2,4
21,ferrari,524,2,2,4
22,ferrari,554,2,2,4
6,red_bull,156,1,1,3
12,red_bull,312,1,1,6
13,red_bull,330,1,1,6
14,red_bull,350,1,1,6
15,red_bull,383,1,1,6
16,red_bull,426,1,1,7
17,red_bull,426,1,1,7
18,red_bull,469,1,1,8
19,red_bull,498,1,1,9
2,red_bull,72,1,1,2
3,red_bull,105,1,1,2
4,red_bull,148,1,1,3
5,red_bull,185,1,1,4
6,red_bull,222,1,1,5
7,red_bull,255,1,1,5
8,red_bull,295,1,1,6
9,red_bull,328,1,1,6
10,red_bull,355,1,1,6
11,red_bull,383,1,1,6
12,red_bull,426,1,1,7
13,red_bull,451,1,1,8
14,red_bull,491,1,1,9
15,red_bull,518,1,1,9
16,red_bull,558,1,1,10
17,red_bull,595,1,1,11
18,red_bull,607,1,1,11
19,red_bull,650,1,1,12
6,red_bull,146,1,1,2
7,red_bull,164,1,1,2
8,red_bull,176,1,1,2
9,red_bull,216,1,1,3
10,red_bull,230,1,1,3
11,red_bull,246,1,1,3
12,red_bull,272,1,1,3
13,red_bull,272,1,1,3
14,red_bull,297,1,1,4
15,red_bull,324,1,1,5
16,red_bull,367,1,1,6
17,red_bull,407,1,1,7
18,red_bull,422,1,1,7
19,red_bull,440,1,1,7
20,red_bull,460,1,1,7
4,red_bull,109,1,1,2
5,red_bull,131,1,1,2
6,red_bull,164,1,1,2
7,red_bull,201,1,1,3
8,red_bull,219,1,1,3
9,red_bull,250,1,1,4
10,red_bull,277,1,1,4
11,red_bull,312,1,1,5
12,red_bull,352,1,1,6
13,red_bull,377,1,1,7
14,red_bull,402,1,1,8
15,red_bull,445,1,1,9
16,red_bull,470,1,1,10
17,red_bull,513,1,1,11
18,red_bull,553,1,1,12
19,red_bull,596,1,1,13
5,red_bull,149,1,1,2
6,red_bull,174,1,1,3
7,red_bull,215,1,1,4
8,red_bull,252,1,1,5
9,red_bull,286,1,1,6
10,red_bull,289,1,1,6
6,red_bull,195,1,1,4
7,red_bull,235,1,1,5
8,red_bull,279,1,1,6
9,red_bull,304,1,1,7
10,red_bull,328,1,1,7
11,red_bull,359,1,1,7
12,red_bull,396,1,1,8
13,red_bull,431,1,1,9
14,red_bull,475,1,1,10
15,red_bull,511,1,1,11
16,red_bull,545,1,1,12
17,red_bull,576,1,1,13
18,red_bull,619,1,1,14
19,red_bull,656,1,1,15
20,red_bull,696,1,1,16
21,red_bull,719,1,1,16
22,red_bull,759,1,1,17
4,mclaren,109,1,1,2
5,mclaren,119,1,1,2
7,mclaren,172,1,1,3
8,mclaren,215,1,1,4
9,mclaren,248,1,1,4
10,mclaren,278,1,1,4
11,mclaren,300,1,1,4
3,ferrari,102,1,1,2
6,ferrari,196,1,1,3
2,ferrari,65,1,1,2
4,ferrari,114,1,1,2
9,ferrari,247,1,1,3
10,ferrari,287,1,1,4
3,ferrari,104,1,1,2
4,ferrari,124,1,1,2
5,ferrari,157,1,1,2
2,mercedes,68,1,1,2
3,mercedes,111,1,1,3
4,mercedes,154,1,1,4
5,mercedes,197,1,1,5
6,mercedes,240,1,1,6
7,mercedes,258,1,1,6
8,mercedes,301,1,1,7
9,mercedes,326,1,1,8
10,mercedes,366,1,1,9
11,mercedes,393,1,1,9
12,mercedes,411,1,1,9
13,mercedes,454,1,1,10
14,mercedes,479,1,1,11
15,mercedes,522,1,1,12
16,mercedes,565,1,1,13
17,mercedes,608,1,1,14
18,mercedes,651,1,1,15
19,mercedes,701,1,1,16
3,mercedes,119,1,1,2
4,mercedes,159,1,1,3
5,mercedes,202,1,1,4
6,mercedes,242,1,1,5
7,mercedes,285,1,1,6
8,mercedes,328,1,1,7
9,mercedes,371,1,1,8
10,mercedes,383,1,1,8
11,mercedes,426,1,1,9
12,mercedes,451,1,1,10
13,mercedes,463,1,1,10
14,mercedes,506,1,1,11
15,mercedes,531,1,1,12
16,mercedes,574,1,1,13
17,mercedes,617,1,1,14
18,mercedes,660,1,1,15
19,mercedes,703,1,1,16
2,mercedes,83,1,1,2
3,mercedes,114,1,1,3
4,mercedes,157,1,1,4
5,mercedes,157,1,1,4
6,mercedes,188,1,1,5
7,mercedes,223,1,1,6
8,mercedes,258,1,1,7
9,mercedes,295,1,1,8
10,mercedes,335,1,1,9
11,mercedes,378,1,1,10
12,mercedes,415,1,1,11
13,mercedes,455,1,1,12
14,mercedes,498,1,1,13
15,mercedes,538,1,1,14
16,mercedes,553,1,1,14
17,mercedes,593,1,1,15
18,mercedes,636,1,1,16
19,mercedes,679,1,1,17
20,mercedes,722,1,1,18
21,mercedes,765,1,1,19
4,mercedes,136,1,1,2
5,mercedes,161,1,1,3
7,mercedes,222,1,1,4
8,mercedes,250,1,1,4
9,mercedes,287,1,1,5
10,mercedes,330,1,1,6
11,mercedes,357,1,1,6
12,mercedes,392,1,1,7
13,mercedes,435,1,1,8
14,mercedes,475,1,1,9
15,mercedes,503,1,1,9
16,mercedes,540,1,1,10
17,mercedes,575,1,1,11
18,mercedes,595,1,1,11
19,mercedes,625,1,1,11
20,mercedes,668,1,1,12
5,mercedes,153,1,1,2
6,mercedes,178,1,1,2
7,mercedes,206,1,1,2
8,mercedes,237,1,1,3
11,mercedes,310,1,1,4
12,mercedes,345,1,1,5
13,mercedes,375,1,1,5
14,mercedes,415,1,1,6
15,mercedes,452,1,1,7
16,mercedes,495,1,1,8
17,mercedes,538,1,1,9
18,mercedes,563,1,1,9
19,mercedes,585,1,1,9
20,mercedes,620,1,1,10
21,mercedes,655,1,1,11
2,mercedes,87,1,1,2
3,mercedes,130,1,1,3
4,mercedes,173,1,1,4
5,mercedes,217,1,1,5
6,mercedes,257,1,1,6
7,mercedes,295,1,1,7
8,mercedes,338,1,1,8
9,mercedes,363,1,1,8
10,mercedes,407,1,1,9
11,mercedes,409,1,1,9
12,mercedes,438,1,1,10
13,mercedes,471,1,1,10
14,mercedes,505,1,1,10
15,mercedes,527,1,1,10
16,mercedes,571,1,1,11
17,mercedes,612,1,1,12
18,mercedes,652,1,1,13
19,mercedes,695,1,1,14
20,mercedes,701,1,1,14
21,mercedes,739,1,1,15
2,mercedes,80,1,1,2
3,mercedes,121,1,1,3
4,mercedes,146,1,1,4
5,mercedes,180,1,1,4
6,mercedes,221,1,1,5
7,mercedes,264,1,1,6
8,mercedes,281,1,1,6
9,mercedes,325,1,1,7
10,mercedes,366,1,1,8
11,mercedes,391,1,1,9
12,mercedes,435,1,1,10
13,mercedes,479,1,1,11
14,mercedes,504,1,1,12
15,mercedes,533,1,1,13
16,mercedes,540,1,1,13
17,mercedes,573,1,1,13
3,mercedes,101,1,1,2
4,mercedes,141,1,1,3
11,mercedes,303,1,1,4
12,mercedes,310,1,1,4
13,mercedes,344,1,1,4
14,mercedes,362,1,1,4
15,mercedes,398,1,1,5
16,mercedes,434,1,1,6
17,mercedes,460,1,1,6
18,mercedes,478,1,1,6
19,mercedes,522,1,1,7
20,mercedes,546,1,1,8
21,mercedes,588,1,1,9
22,mercedes,614,1,1,9
