driverID,url,givenName,familyName,dateOfBirth,nationality,natflag,,,,,,,
aitken,http://en.wikipedia.org/wiki/Jack_Aitken,Jack,Aitken,23/09/1995,British,https://cdn.britannica.com/25/4825-004-F1975B92/Flag-United-Kingdom.jpg,,,,,,,
albon,http://en.wikipedia.org/wiki/Alexander_Albon,Alexander,Albon,23/03/1996,Thai,https://cdn.britannica.com/38/4038-004-111388C2/Flag-Thailand.jpg,,,,,,,
albon,http://en.wikipedia.org/wiki/Alexander_Albon,Alexander,Albon,23/03/1996,Thai,https://cdn.britannica.com/38/4038-004-111388C2/Flag-Thailand.jpg,,,,,,,
albon,http://en.wikipedia.org/wiki/Alexander_Albon,Alexander,Albon,23/03/1996,Thai,https://cdn.britannica.com/38/4038-004-111388C2/Flag-Thailand.jpg,,,,,,,
alguersuari,http://en.wikipedia.org/wiki/Jaime_Alguersuari,Jaime,Alguersuari,23/03/1990,Spanish,https://cdn.britannica.com/36/4336-004-6BD81071/Flag-Spain.jpg,,,,,,,
alguersuari,http://en.wikipedia.org/wiki/Jaime_Alguersuari,Jaime,Alguersuari,23/03/1990,Spanish,https://cdn.britannica.com/36/4336-004-6BD81071/Flag-Spain.jpg,,,,,,,
alonso,http://en.wikipedia.org/wiki/Fernando_Alonso,Fernando,Alonso,29/07/1981,Spanish,https://cdn.britannica.com/36/4336-004-6BD81071/Flag-Spain.jpg,,,,,,,
alonso,http://en.wikipedia.org/wiki/Fernando_Alonso,Fernando,Alonso,29/07/1981,Spanish,https://cdn.britannica.com/36/4336-004-6BD81071/Flag-Spain.jpg,,,,,,,
alonso,http://en.wikipedia.org/wiki/Fernando_Alonso,Fernando,Alonso,29/07/1981,Spanish,https://cdn.britannica.com/36/4336-004-6BD81071/Flag-Spain.jpg,,,,,,,
alonso,http://en.wikipedia.org/wiki/Fernando_Alonso,Fernando,Alonso,29/07/1981,Spanish,https://cdn.britannica.com/36/4336-004-6BD81071/Flag-Spain.jpg,,,,,,,
alonso,http://en.wikipedia.org/wiki/Fernando_Alonso,Fernando,Alonso,29/07/1981,Spanish,https://cdn.britannica.com/36/4336-004-6BD81071/Flag-Spain.jpg,,,,,,,
alonso,http://en.wikipedia.org/wiki/Fernando_Alonso,Fernando,Alonso,29/07/1981,Spanish,https://cdn.britannica.com/36/4336-004-6BD81071/Flag-Spain.jpg,,,,,,,
alonso,http://en.wikipedia.org/wiki/Fernando_Alonso,Fernando,Alonso,29/07/1981,Spanish,https://cdn.britannica.com/36/4336-004-6BD81071/Flag-Spain.jpg,,,,,,,
alonso,http://en.wikipedia.org/wiki/Fernando_Alonso,Fernando,Alonso,29/07/1981,Spanish,https://cdn.britannica.com/36/4336-004-6BD81071/Flag-Spain.jpg,,,,,,,
alonso,http://en.wikipedia.org/wiki/Fernando_Alonso,Fernando,Alonso,29/07/1981,Spanish,https://cdn.britannica.com/36/4336-004-6BD81071/Flag-Spain.jpg,,,,,,,
alonso,http://en.wikipedia.org/wiki/Fernando_Alonso,Fernando,Alonso,29/07/1981,Spanish,https://cdn.britannica.com/36/4336-004-6BD81071/Flag-Spain.jpg,,,,,,,
alonso,http://en.wikipedia.org/wiki/Fernando_Alonso,Fernando,Alonso,29/07/1981,Spanish,https://cdn.britannica.com/36/4336-004-6BD81071/Flag-Spain.jpg,,,,,,,
ambrosio,http://en.wikipedia.org/wiki/J%C3%A9r%C3%B4me_d%27Ambrosio,Jérôme,d'Ambrosio,27/12/1985,Belgian,https://cdn.britannica.com/08/6408-004-405E272F/Flag-Belgium.jpg,,,,,,,
ambrosio,http://en.wikipedia.org/wiki/J%C3%A9r%C3%B4me_d%27Ambrosio,Jérôme,d'Ambrosio,27/12/1985,Belgian,https://cdn.britannica.com/08/6408-004-405E272F/Flag-Belgium.jpg,,,,,,,
barrichello,http://en.wikipedia.org/wiki/Rubens_Barrichello,Rubens,Barrichello,23/05/1972,Brazilian,https://upload.wikimedia.org/wikipedia/en/thumb/0/05/Flag_of_Brazil.svg/640px-Flag_of_Brazil.svg.png,,,,,,,
barrichello,http://en.wikipedia.org/wiki/Rubens_Barrichello,Rubens,Barrichello,23/05/1972,Brazilian,https://upload.wikimedia.org/wikipedia/en/thumb/0/05/Flag_of_Brazil.svg/640px-Flag_of_Brazil.svg.png,,,,,,,
bottas,http://en.wikipedia.org/wiki/Valtteri_Bottas,Valtteri,Bottas,28/08/1989,Finnish,https://cdn.britannica.com/79/579-004-0EA4217C/Flag-Finland.jpg,,,,,,,
bottas,http://en.wikipedia.org/wiki/Valtteri_Bottas,Valtteri,Bottas,28/08/1989,Finnish,https://cdn.britannica.com/79/579-004-0EA4217C/Flag-Finland.jpg,,,,,,,
bottas,http://en.wikipedia.org/wiki/Valtteri_Bottas,Valtteri,Bottas,28/08/1989,Finnish,https://cdn.britannica.com/79/579-004-0EA4217C/Flag-Finland.jpg,,,,,,,
bottas,http://en.wikipedia.org/wiki/Valtteri_Bottas,Valtteri,Bottas,28/08/1989,Finnish,https://cdn.britannica.com/79/579-004-0EA4217C/Flag-Finland.jpg,,,,,,,
bottas,http://en.wikipedia.org/wiki/Valtteri_Bottas,Valtteri,Bottas,28/08/1989,Finnish,https://cdn.britannica.com/79/579-004-0EA4217C/Flag-Finland.jpg,,,,,,,
bottas,http://en.wikipedia.org/wiki/Valtteri_Bottas,Valtteri,Bottas,28/08/1989,Finnish,https://cdn.britannica.com/79/579-004-0EA4217C/Flag-Finland.jpg,,,,,,,
bottas,http://en.wikipedia.org/wiki/Valtteri_Bottas,Valtteri,Bottas,28/08/1989,Finnish,https://cdn.britannica.com/79/579-004-0EA4217C/Flag-Finland.jpg,,,,,,,
bottas,http://en.wikipedia.org/wiki/Valtteri_Bottas,Valtteri,Bottas,28/08/1989,Finnish,https://cdn.britannica.com/79/579-004-0EA4217C/Flag-Finland.jpg,,,,,,,
bottas,http://en.wikipedia.org/wiki/Valtteri_Bottas,Valtteri,Bottas,28/08/1989,Finnish,https://cdn.britannica.com/79/579-004-0EA4217C/Flag-Finland.jpg,,,,,,,
bottas,http://en.wikipedia.org/wiki/Valtteri_Bottas,Valtteri,Bottas,28/08/1989,Finnish,https://cdn.britannica.com/79/579-004-0EA4217C/Flag-Finland.jpg,,,,,,,
brendon_hartley,http://en.wikipedia.org/wiki/Brendon_Hartley,Brendon,Hartley,10/11/1989,New Zealander,https://upload.wikimedia.org/wikipedia/commons/thumb/3/3e/Flag_of_New_Zealand.svg/800px-Flag_of_New_Zealand.svg.png,,,,,,,
brendon_hartley,http://en.wikipedia.org/wiki/Brendon_Hartley,Brendon,Hartley,10/11/1989,New Zealander,https://upload.wikimedia.org/wikipedia/commons/thumb/3/3e/Flag_of_New_Zealand.svg/800px-Flag_of_New_Zealand.svg.png,,,,,,,
bruno_senna,http://en.wikipedia.org/wiki/Bruno_Senna,Bruno,Senna,15/10/1983,Brazilian,https://upload.wikimedia.org/wikipedia/en/thumb/0/05/Flag_of_Brazil.svg/640px-Flag_of_Brazil.svg.png,,,,,,,
bruno_senna,http://en.wikipedia.org/wiki/Bruno_Senna,Bruno,Senna,15/10/1983,Brazilian,https://upload.wikimedia.org/wikipedia/en/thumb/0/05/Flag_of_Brazil.svg/640px-Flag_of_Brazil.svg.png,,,,,,,
bruno_senna,http://en.wikipedia.org/wiki/Bruno_Senna,Bruno,Senna,15/10/1983,Brazilian,https://upload.wikimedia.org/wikipedia/en/thumb/0/05/Flag_of_Brazil.svg/640px-Flag_of_Brazil.svg.png,,,,,,,
buemi,http://en.wikipedia.org/wiki/S%C3%A9bastien_Buemi,Sébastien,Buemi,31/10/1988,Swiss,https://cdn.britannica.com/43/4543-004-C0D5C6F4/Flag-Switzerland.jpg,,,,,,,
buemi,http://en.wikipedia.org/wiki/S%C3%A9bastien_Buemi,Sébastien,Buemi,31/10/1988,Swiss,https://cdn.britannica.com/43/4543-004-C0D5C6F4/Flag-Switzerland.jpg,,,,,,,
button,http://en.wikipedia.org/wiki/Jenson_Button,Jenson,Button,19/01/1980,British,https://cdn.britannica.com/25/4825-004-F1975B92/Flag-United-Kingdom.jpg,,,,,,,
button,http://en.wikipedia.org/wiki/Jenson_Button,Jenson,Button,19/01/1980,British,https://cdn.britannica.com/25/4825-004-F1975B92/Flag-United-Kingdom.jpg,,,,,,,
button,http://en.wikipedia.org/wiki/Jenson_Button,Jenson,Button,19/01/1980,British,https://cdn.britannica.com/25/4825-004-F1975B92/Flag-United-Kingdom.jpg,,,,,,,
button,http://en.wikipedia.org/wiki/Jenson_Button,Jenson,Button,19/01/1980,British,https://cdn.britannica.com/25/4825-004-F1975B92/Flag-United-Kingdom.jpg,,,,,,,
button,http://en.wikipedia.org/wiki/Jenson_Button,Jenson,Button,19/01/1980,British,https://cdn.britannica.com/25/4825-004-F1975B92/Flag-United-Kingdom.jpg,,,,,,,
button,http://en.wikipedia.org/wiki/Jenson_Button,Jenson,Button,19/01/1980,British,https://cdn.britannica.com/25/4825-004-F1975B92/Flag-United-Kingdom.jpg,,,,,,,
button,http://en.wikipedia.org/wiki/Jenson_Button,Jenson,Button,19/01/1980,British,https://cdn.britannica.com/25/4825-004-F1975B92/Flag-United-Kingdom.jpg,,,,,,,
button,http://en.wikipedia.org/wiki/Jenson_Button,Jenson,Button,19/01/1980,British,https://cdn.britannica.com/25/4825-004-F1975B92/Flag-United-Kingdom.jpg,,,,,,,
chandhok,http://en.wikipedia.org/wiki/Karun_Chandhok,Karun,Chandhok,19/01/1984,Indian,https://cdn.britannica.com/97/1597-004-05816F4E/Flag-India.jpg,,,,,,,
chandhok,http://en.wikipedia.org/wiki/Karun_Chandhok,Karun,Chandhok,19/01/1984,Indian,https://cdn.britannica.com/97/1597-004-05816F4E/Flag-India.jpg,,,,,,,
chilton,http://en.wikipedia.org/wiki/Max_Chilton,Max,Chilton,21/04/1991,British,https://cdn.britannica.com/25/4825-004-F1975B92/Flag-United-Kingdom.jpg,,,,,,,
chilton,http://en.wikipedia.org/wiki/Max_Chilton,Max,Chilton,21/04/1991,British,https://cdn.britannica.com/25/4825-004-F1975B92/Flag-United-Kingdom.jpg,,,,,,,
de_vries,http://en.wikipedia.org/wiki/Nyck_de_Vries,Nyck,de Vries,06/02/1995,Dutch,https://upload.wikimedia.org/wikipedia/commons/2/20/Flag_of_the_Netherlands.svg,,,,,,,
ericsson,http://en.wikipedia.org/wiki/Marcus_Ericsson,Marcus,Ericsson,02/09/1990,Swedish,https://upload.wikimedia.org/wikipedia/en/thumb/4/4c/Flag_of_Sweden.svg/1200px-Flag_of_Sweden.svg.png,,,,,,,
ericsson,http://en.wikipedia.org/wiki/Marcus_Ericsson,Marcus,Ericsson,02/09/1990,Swedish,https://upload.wikimedia.org/wikipedia/en/thumb/4/4c/Flag_of_Sweden.svg/1200px-Flag_of_Sweden.svg.png,,,,,,,
ericsson,http://en.wikipedia.org/wiki/Marcus_Ericsson,Marcus,Ericsson,02/09/1990,Swedish,https://upload.wikimedia.org/wikipedia/en/thumb/4/4c/Flag_of_Sweden.svg/1200px-Flag_of_Sweden.svg.png,,,,,,,
ericsson,http://en.wikipedia.org/wiki/Marcus_Ericsson,Marcus,Ericsson,02/09/1990,Swedish,https://upload.wikimedia.org/wikipedia/en/thumb/4/4c/Flag_of_Sweden.svg/1200px-Flag_of_Sweden.svg.png,,,,,,,
ericsson,http://en.wikipedia.org/wiki/Marcus_Ericsson,Marcus,Ericsson,02/09/1990,Swedish,https://upload.wikimedia.org/wikipedia/en/thumb/4/4c/Flag_of_Sweden.svg/1200px-Flag_of_Sweden.svg.png,,,,,,,
garde,http://en.wikipedia.org/wiki/Giedo_van_der_Garde,Giedo,van der Garde,25/04/1985,Dutch,https://upload.wikimedia.org/wikipedia/commons/2/20/Flag_of_the_Netherlands.svg,,,,,,,
gasly,http://en.wikipedia.org/wiki/Pierre_Gasly,Pierre,Gasly,07/02/1996,French,https://cdn.britannica.com/82/682-004-F0B47FCB/Flag-France.jpg,,,,,,,
gasly,http://en.wikipedia.org/wiki/Pierre_Gasly,Pierre,Gasly,07/02/1996,French,https://cdn.britannica.com/82/682-004-F0B47FCB/Flag-France.jpg,,,,,,,
gasly,http://en.wikipedia.org/wiki/Pierre_Gasly,Pierre,Gasly,07/02/1996,French,https://cdn.britannica.com/82/682-004-F0B47FCB/Flag-France.jpg,,,,,,,
gasly,http://en.wikipedia.org/wiki/Pierre_Gasly,Pierre,Gasly,07/02/1996,French,https://cdn.britannica.com/82/682-004-F0B47FCB/Flag-France.jpg,,,,,,,
gasly,http://en.wikipedia.org/wiki/Pierre_Gasly,Pierre,Gasly,07/02/1996,French,https://cdn.britannica.com/82/682-004-F0B47FCB/Flag-France.jpg,,,,,,,
gasly,http://en.wikipedia.org/wiki/Pierre_Gasly,Pierre,Gasly,07/02/1996,French,https://cdn.britannica.com/82/682-004-F0B47FCB/Flag-France.jpg,,,,,,,
giovinazzi,http://en.wikipedia.org/wiki/Antonio_Giovinazzi,Antonio,Giovinazzi,14/12/1993,Italian,https://upload.wikimedia.org/wikipedia/en/thumb/0/03/Flag_of_Italy.svg/255px-Flag_of_Italy.svg.png,,,,,,,
giovinazzi,http://en.wikipedia.org/wiki/Antonio_Giovinazzi,Antonio,Giovinazzi,14/12/1993,Italian,https://upload.wikimedia.org/wikipedia/en/thumb/0/03/Flag_of_Italy.svg/255px-Flag_of_Italy.svg.png,,,,,,,
giovinazzi,http://en.wikipedia.org/wiki/Antonio_Giovinazzi,Antonio,Giovinazzi,14/12/1993,Italian,https://upload.wikimedia.org/wikipedia/en/thumb/0/03/Flag_of_Italy.svg/255px-Flag_of_Italy.svg.png,,,,,,,
giovinazzi,http://en.wikipedia.org/wiki/Antonio_Giovinazzi,Antonio,Giovinazzi,14/12/1993,Italian,https://upload.wikimedia.org/wikipedia/en/thumb/0/03/Flag_of_Italy.svg/255px-Flag_of_Italy.svg.png,,,,,,,
glock,http://en.wikipedia.org/wiki/Timo_Glock,Timo,Glock,18/03/1982,German,https://upload.wikimedia.org/wikipedia/en/thumb/b/ba/Flag_of_Germany.svg/1200px-Flag_of_Germany.svg.png,,,,,,,
glock,http://en.wikipedia.org/wiki/Timo_Glock,Timo,Glock,18/03/1982,German,https://upload.wikimedia.org/wikipedia/en/thumb/b/ba/Flag_of_Germany.svg/1200px-Flag_of_Germany.svg.png,,,,,,,
glock,http://en.wikipedia.org/wiki/Timo_Glock,Timo,Glock,18/03/1982,German,https://upload.wikimedia.org/wikipedia/en/thumb/b/ba/Flag_of_Germany.svg/1200px-Flag_of_Germany.svg.png,,,,,,,
grassi,http://en.wikipedia.org/wiki/Lucas_di_Grassi,Lucas,di Grassi,11/08/1984,Brazilian,https://upload.wikimedia.org/wikipedia/en/thumb/0/05/Flag_of_Brazil.svg/640px-Flag_of_Brazil.svg.png,,,,,,,
grosjean,http://en.wikipedia.org/wiki/Romain_Grosjean,Romain,Grosjean,17/04/1986,French,https://cdn.britannica.com/82/682-004-F0B47FCB/Flag-France.jpg,,,,,,,
grosjean,http://en.wikipedia.org/wiki/Romain_Grosjean,Romain,Grosjean,17/04/1986,French,https://cdn.britannica.com/82/682-004-F0B47FCB/Flag-France.jpg,,,,,,,
grosjean,http://en.wikipedia.org/wiki/Romain_Grosjean,Romain,Grosjean,17/04/1986,French,https://cdn.britannica.com/82/682-004-F0B47FCB/Flag-France.jpg,,,,,,,
grosjean,http://en.wikipedia.org/wiki/Romain_Grosjean,Romain,Grosjean,17/04/1986,French,https://cdn.britannica.com/82/682-004-F0B47FCB/Flag-France.jpg,,,,,,,
grosjean,http://en.wikipedia.org/wiki/Romain_Grosjean,Romain,Grosjean,17/04/1986,French,https://cdn.britannica.com/82/682-004-F0B47FCB/Flag-France.jpg,,,,,,,
grosjean,http://en.wikipedia.org/wiki/Romain_Grosjean,Romain,Grosjean,17/04/1986,French,https://cdn.britannica.com/82/682-004-F0B47FCB/Flag-France.jpg,,,,,,,
grosjean,http://en.wikipedia.org/wiki/Romain_Grosjean,Romain,Grosjean,17/04/1986,French,https://cdn.britannica.com/82/682-004-F0B47FCB/Flag-France.jpg,,,,,,,
grosjean,http://en.wikipedia.org/wiki/Romain_Grosjean,Romain,Grosjean,17/04/1986,French,https://cdn.britannica.com/82/682-004-F0B47FCB/Flag-France.jpg,,,,,,,
grosjean,http://en.wikipedia.org/wiki/Romain_Grosjean,Romain,Grosjean,17/04/1986,French,https://cdn.britannica.com/82/682-004-F0B47FCB/Flag-France.jpg,,,,,,,
gutierrez,http://en.wikipedia.org/wiki/Esteban_Guti%C3%A9rrez,Esteban,Gutiérrez,05/08/1991,Mexican,https://cdn.britannica.com/73/2573-004-29818847/Flag-Mexico.jpg,,,,,,,
gutierrez,http://en.wikipedia.org/wiki/Esteban_Guti%C3%A9rrez,Esteban,Gutiérrez,05/08/1991,Mexican,https://cdn.britannica.com/73/2573-004-29818847/Flag-Mexico.jpg,,,,,,,
gutierrez,http://en.wikipedia.org/wiki/Esteban_Guti%C3%A9rrez,Esteban,Gutiérrez,05/08/1991,Mexican,https://cdn.britannica.com/73/2573-004-29818847/Flag-Mexico.jpg,,,,,,,
hamilton,http://en.wikipedia.org/wiki/Lewis_Hamilton,Lewis,Hamilton,07/01/1985,British,https://cdn.britannica.com/25/4825-004-F1975B92/Flag-United-Kingdom.jpg,,,,,,,
hamilton,http://en.wikipedia.org/wiki/Lewis_Hamilton,Lewis,Hamilton,07/01/1985,British,https://cdn.britannica.com/25/4825-004-F1975B92/Flag-United-Kingdom.jpg,,,,,,,
hamilton,http://en.wikipedia.org/wiki/Lewis_Hamilton,Lewis,Hamilton,07/01/1985,British,https://cdn.britannica.com/25/4825-004-F1975B92/Flag-United-Kingdom.jpg,,,,,,,
hamilton,http://en.wikipedia.org/wiki/Lewis_Hamilton,Lewis,Hamilton,07/01/1985,British,https://cdn.britannica.com/25/4825-004-F1975B92/Flag-United-Kingdom.jpg,,,,,,,
hamilton,http://en.wikipedia.org/wiki/Lewis_Hamilton,Lewis,Hamilton,07/01/1985,British,https://cdn.britannica.com/25/4825-004-F1975B92/Flag-United-Kingdom.jpg,,,,,,,
hamilton,http://en.wikipedia.org/wiki/Lewis_Hamilton,Lewis,Hamilton,07/01/1985,British,https://cdn.britannica.com/25/4825-004-F1975B92/Flag-United-Kingdom.jpg,,,,,,,
hamilton,http://en.wikipedia.org/wiki/Lewis_Hamilton,Lewis,Hamilton,07/01/1985,British,https://cdn.britannica.com/25/4825-004-F1975B92/Flag-United-Kingdom.jpg,,,,,,,
hamilton,http://en.wikipedia.org/wiki/Lewis_Hamilton,Lewis,Hamilton,07/01/1985,British,https://cdn.britannica.com/25/4825-004-F1975B92/Flag-United-Kingdom.jpg,,,,,,,
hamilton,http://en.wikipedia.org/wiki/Lewis_Hamilton,Lewis,Hamilton,07/01/1985,British,https://cdn.britannica.com/25/4825-004-F1975B92/Flag-United-Kingdom.jpg,,,,,,,
hamilton,http://en.wikipedia.org/wiki/Lewis_Hamilton,Lewis,Hamilton,07/01/1985,British,https://cdn.britannica.com/25/4825-004-F1975B92/Flag-United-Kingdom.jpg,,,,,,,
hamilton,http://en.wikipedia.org/wiki/Lewis_Hamilton,Lewis,Hamilton,07/01/1985,British,https://cdn.britannica.com/25/4825-004-F1975B92/Flag-United-Kingdom.jpg,,,,,,,
hamilton,http://en.wikipedia.org/wiki/Lewis_Hamilton,Lewis,Hamilton,07/01/1985,British,https://cdn.britannica.com/25/4825-004-F1975B92/Flag-United-Kingdom.jpg,,,,,,,
hamilton,http://en.wikipedia.org/wiki/Lewis_Hamilton,Lewis,Hamilton,07/01/1985,British,https://cdn.britannica.com/25/4825-004-F1975B92/Flag-United-Kingdom.jpg,,,,,,,
haryanto,http://en.wikipedia.org/wiki/Rio_Haryanto,Rio,Haryanto,22/01/1993,Indonesian,https://cdn.britannica.com/48/1648-004-A33B72D8/Flag-Indonesia.jpg,,,,,,,
heidfeld,http://en.wikipedia.org/wiki/Nick_Heidfeld,Nick,Heidfeld,10/05/1977,German,https://upload.wikimedia.org/wikipedia/en/thumb/b/ba/Flag_of_Germany.svg/1200px-Flag_of_Germany.svg.png,,,,,,,
heidfeld,http://en.wikipedia.org/wiki/Nick_Heidfeld,Nick,Heidfeld,10/05/1977,German,https://upload.wikimedia.org/wikipedia/en/thumb/b/ba/Flag_of_Germany.svg/1200px-Flag_of_Germany.svg.png,,,,,,,
hulkenberg,http://en.wikipedia.org/wiki/Nico_H%C3%BClkenberg,Nico,Hülkenberg,19/08/1987,German,https://upload.wikimedia.org/wikipedia/en/thumb/b/ba/Flag_of_Germany.svg/1200px-Flag_of_Germany.svg.png,,,,,,,
hulkenberg,http://en.wikipedia.org/wiki/Nico_H%C3%BClkenberg,Nico,Hülkenberg,19/08/1987,German,https://upload.wikimedia.org/wikipedia/en/thumb/b/ba/Flag_of_Germany.svg/1200px-Flag_of_Germany.svg.png,,,,,,,
hulkenberg,http://en.wikipedia.org/wiki/Nico_H%C3%BClkenberg,Nico,Hülkenberg,19/08/1987,German,https://upload.wikimedia.org/wikipedia/en/thumb/b/ba/Flag_of_Germany.svg/1200px-Flag_of_Germany.svg.png,,,,,,,
hulkenberg,http://en.wikipedia.org/wiki/Nico_H%C3%BClkenberg,Nico,Hülkenberg,19/08/1987,German,https://upload.wikimedia.org/wikipedia/en/thumb/b/ba/Flag_of_Germany.svg/1200px-Flag_of_Germany.svg.png,,,,,,,
hulkenberg,http://en.wikipedia.org/wiki/Nico_H%C3%BClkenberg,Nico,Hülkenberg,19/08/1987,German,https://upload.wikimedia.org/wikipedia/en/thumb/b/ba/Flag_of_Germany.svg/1200px-Flag_of_Germany.svg.png,,,,,,,
hulkenberg,http://en.wikipedia.org/wiki/Nico_H%C3%BClkenberg,Nico,Hülkenberg,19/08/1987,German,https://upload.wikimedia.org/wikipedia/en/thumb/b/ba/Flag_of_Germany.svg/1200px-Flag_of_Germany.svg.png,,,,,,,
hulkenberg,http://en.wikipedia.org/wiki/Nico_H%C3%BClkenberg,Nico,Hülkenberg,19/08/1987,German,https://upload.wikimedia.org/wikipedia/en/thumb/b/ba/Flag_of_Germany.svg/1200px-Flag_of_Germany.svg.png,,,,,,,
hulkenberg,http://en.wikipedia.org/wiki/Nico_H%C3%BClkenberg,Nico,Hülkenberg,19/08/1987,German,https://upload.wikimedia.org/wikipedia/en/thumb/b/ba/Flag_of_Germany.svg/1200px-Flag_of_Germany.svg.png,,,,,,,
hulkenberg,http://en.wikipedia.org/wiki/Nico_H%C3%BClkenberg,Nico,Hülkenberg,19/08/1987,German,https://upload.wikimedia.org/wikipedia/en/thumb/b/ba/Flag_of_Germany.svg/1200px-Flag_of_Germany.svg.png,,,,,,,
hulkenberg,http://en.wikipedia.org/wiki/Nico_H%C3%BClkenberg,Nico,Hülkenberg,19/08/1987,German,https://upload.wikimedia.org/wikipedia/en/thumb/b/ba/Flag_of_Germany.svg/1200px-Flag_of_Germany.svg.png,,,,,,,
hulkenberg,http://en.wikipedia.org/wiki/Nico_H%C3%BClkenberg,Nico,Hülkenberg,19/08/1987,German,https://upload.wikimedia.org/wikipedia/en/thumb/b/ba/Flag_of_Germany.svg/1200px-Flag_of_Germany.svg.png,,,,,,,
jolyon_palmer,http://en.wikipedia.org/wiki/Jolyon_Palmer,Jolyon,Palmer,20/01/1991,British,https://cdn.britannica.com/25/4825-004-F1975B92/Flag-United-Kingdom.jpg,,,,,,,
jolyon_palmer,http://en.wikipedia.org/wiki/Jolyon_Palmer,Jolyon,Palmer,20/01/1991,British,https://cdn.britannica.com/25/4825-004-F1975B92/Flag-United-Kingdom.jpg,,,,,,,
jules_bianchi,http://en.wikipedia.org/wiki/Jules_Bianchi,Jules,Bianchi,03/08/1989,French,https://cdn.britannica.com/82/682-004-F0B47FCB/Flag-France.jpg,,,,,,,
jules_bianchi,http://en.wikipedia.org/wiki/Jules_Bianchi,Jules,Bianchi,03/08/1989,French,https://cdn.britannica.com/82/682-004-F0B47FCB/Flag-France.jpg,,,,,,,
karthikeyan,http://en.wikipedia.org/wiki/Narain_Karthikeyan,Narain,Karthikeyan,14/01/1977,Indian,https://cdn.britannica.com/97/1597-004-05816F4E/Flag-India.jpg,,,,,,,
karthikeyan,http://en.wikipedia.org/wiki/Narain_Karthikeyan,Narain,Karthikeyan,14/01/1977,Indian,https://cdn.britannica.com/97/1597-004-05816F4E/Flag-India.jpg,,,,,,,
kevin_magnussen,http://en.wikipedia.org/wiki/Kevin_Magnussen,Kevin,Magnussen,05/10/1992,Danish,https://cdn.britannica.com/07/8007-004-8CF0B1A9/Flag-Denmark.jpg,,,,,,,
kevin_magnussen,http://en.wikipedia.org/wiki/Kevin_Magnussen,Kevin,Magnussen,05/10/1992,Danish,https://cdn.britannica.com/07/8007-004-8CF0B1A9/Flag-Denmark.jpg,,,,,,,
kevin_magnussen,http://en.wikipedia.org/wiki/Kevin_Magnussen,Kevin,Magnussen,05/10/1992,Danish,https://cdn.britannica.com/07/8007-004-8CF0B1A9/Flag-Denmark.jpg,,,,,,,
kevin_magnussen,http://en.wikipedia.org/wiki/Kevin_Magnussen,Kevin,Magnussen,05/10/1992,Danish,https://cdn.britannica.com/07/8007-004-8CF0B1A9/Flag-Denmark.jpg,,,,,,,
kevin_magnussen,http://en.wikipedia.org/wiki/Kevin_Magnussen,Kevin,Magnussen,05/10/1992,Danish,https://cdn.britannica.com/07/8007-004-8CF0B1A9/Flag-Denmark.jpg,,,,,,,
kevin_magnussen,http://en.wikipedia.org/wiki/Kevin_Magnussen,Kevin,Magnussen,05/10/1992,Danish,https://cdn.britannica.com/07/8007-004-8CF0B1A9/Flag-Denmark.jpg,,,,,,,
kevin_magnussen,http://en.wikipedia.org/wiki/Kevin_Magnussen,Kevin,Magnussen,05/10/1992,Danish,https://cdn.britannica.com/07/8007-004-8CF0B1A9/Flag-Denmark.jpg,,,,,,,
kevin_magnussen,http://en.wikipedia.org/wiki/Kevin_Magnussen,Kevin,Magnussen,05/10/1992,Danish,https://cdn.britannica.com/07/8007-004-8CF0B1A9/Flag-Denmark.jpg,,,,,,,
klien,http://en.wikipedia.org/wiki/Christian_Klien,Christian,Klien,07/02/1983,Austrian,https://cdn.britannica.com/73/6073-004-B0B9EBEE/Flag-Austria.jpg,,,,,,,
kobayashi,http://en.wikipedia.org/wiki/Kamui_Kobayashi,Kamui,Kobayashi,13/09/1986,Japanese,https://upload.wikimedia.org/wikipedia/en/thumb/9/9e/Flag_of_Japan.svg/1200px-Flag_of_Japan.svg.png,,,,,,,
kobayashi,http://en.wikipedia.org/wiki/Kamui_Kobayashi,Kamui,Kobayashi,13/09/1986,Japanese,https://upload.wikimedia.org/wikipedia/en/thumb/9/9e/Flag_of_Japan.svg/1200px-Flag_of_Japan.svg.png,,,,,,,
kobayashi,http://en.wikipedia.org/wiki/Kamui_Kobayashi,Kamui,Kobayashi,13/09/1986,Japanese,https://upload.wikimedia.org/wikipedia/en/thumb/9/9e/Flag_of_Japan.svg/1200px-Flag_of_Japan.svg.png,,,,,,,
kobayashi,http://en.wikipedia.org/wiki/Kamui_Kobayashi,Kamui,Kobayashi,13/09/1986,Japanese,https://upload.wikimedia.org/wikipedia/en/thumb/9/9e/Flag_of_Japan.svg/1200px-Flag_of_Japan.svg.png,,,,,,,
kovalainen,http://en.wikipedia.org/wiki/Heikki_Kovalainen,Heikki,Kovalainen,19/10/1981,Finnish,https://cdn.britannica.com/79/579-004-0EA4217C/Flag-Finland.jpg,,,,,,,
kovalainen,http://en.wikipedia.org/wiki/Heikki_Kovalainen,Heikki,Kovalainen,19/10/1981,Finnish,https://cdn.britannica.com/79/579-004-0EA4217C/Flag-Finland.jpg,,,,,,,
kovalainen,http://en.wikipedia.org/wiki/Heikki_Kovalainen,Heikki,Kovalainen,19/10/1981,Finnish,https://cdn.britannica.com/79/579-004-0EA4217C/Flag-Finland.jpg,,,,,,,
kovalainen,http://en.wikipedia.org/wiki/Heikki_Kovalainen,Heikki,Kovalainen,19/10/1981,Finnish,https://cdn.britannica.com/79/579-004-0EA4217C/Flag-Finland.jpg,,,,,,,
kubica,http://en.wikipedia.org/wiki/Robert_Kubica,Robert,Kubica,07/12/1984,Polish,https://upload.wikimedia.org/wikipedia/en/thumb/1/12/Flag_of_Poland.svg/1200px-Flag_of_Poland.svg.png,,,,,,,
kubica,http://en.wikipedia.org/wiki/Robert_Kubica,Robert,Kubica,07/12/1984,Polish,https://upload.wikimedia.org/wikipedia/en/thumb/1/12/Flag_of_Poland.svg/1200px-Flag_of_Poland.svg.png,,,,,,,
kubica,http://en.wikipedia.org/wiki/Robert_Kubica,Robert,Kubica,07/12/1984,Polish,https://upload.wikimedia.org/wikipedia/en/thumb/1/12/Flag_of_Poland.svg/1200px-Flag_of_Poland.svg.png,,,,,,,
kvyat,http://en.wikipedia.org/wiki/Daniil_Kvyat,Daniil,Kvyat,26/04/1994,Russian,https://cdn.britannica.com/42/3842-004-F47B77BC/Flag-Russia.jpg,,,,,,,
kvyat,http://en.wikipedia.org/wiki/Daniil_Kvyat,Daniil,Kvyat,26/04/1994,Russian,https://cdn.britannica.com/42/3842-004-F47B77BC/Flag-Russia.jpg,,,,,,,
kvyat,http://en.wikipedia.org/wiki/Daniil_Kvyat,Daniil,Kvyat,26/04/1994,Russian,https://cdn.britannica.com/42/3842-004-F47B77BC/Flag-Russia.jpg,,,,,,,
kvyat,http://en.wikipedia.org/wiki/Daniil_Kvyat,Daniil,Kvyat,26/04/1994,Russian,https://cdn.britannica.com/42/3842-004-F47B77BC/Flag-Russia.jpg,,,,,,,
kvyat,http://en.wikipedia.org/wiki/Daniil_Kvyat,Daniil,Kvyat,26/04/1994,Russian,https://cdn.britannica.com/42/3842-004-F47B77BC/Flag-Russia.jpg,,,,,,,
kvyat,http://en.wikipedia.org/wiki/Daniil_Kvyat,Daniil,Kvyat,26/04/1994,Russian,https://cdn.britannica.com/42/3842-004-F47B77BC/Flag-Russia.jpg,,,,,,,
latifi,http://en.wikipedia.org/wiki/Nicholas_Latifi,Nicholas,Latifi,29/06/1995,Canadian,https://upload.wikimedia.org/wikipedia/commons/d/d9/Flag_of_Canada_%28Pantone%29.svg,,,,,,,
latifi,http://en.wikipedia.org/wiki/Nicholas_Latifi,Nicholas,Latifi,29/06/1995,Canadian,https://upload.wikimedia.org/wikipedia/commons/d/d9/Flag_of_Canada_%28Pantone%29.svg,,,,,,,
latifi,http://en.wikipedia.org/wiki/Nicholas_Latifi,Nicholas,Latifi,29/06/1995,Canadian,https://upload.wikimedia.org/wikipedia/commons/d/d9/Flag_of_Canada_%28Pantone%29.svg,,,,,,,
leclerc,http://en.wikipedia.org/wiki/Charles_Leclerc,Charles,Leclerc,16/10/1997,Monegasque,https://cdn.britannica.com/50/2750-050-688E6E49/Flag-Monaco.jpg,,,,,,,
leclerc,http://en.wikipedia.org/wiki/Charles_Leclerc,Charles,Leclerc,16/10/1997,Monegasque,https://cdn.britannica.com/50/2750-050-688E6E49/Flag-Monaco.jpg,,,,,,,
leclerc,http://en.wikipedia.org/wiki/Charles_Leclerc,Charles,Leclerc,16/10/1997,Monegasque,https://cdn.britannica.com/50/2750-050-688E6E49/Flag-Monaco.jpg,,,,,,,
leclerc,http://en.wikipedia.org/wiki/Charles_Leclerc,Charles,Leclerc,16/10/1997,Monegasque,https://cdn.britannica.com/50/2750-050-688E6E49/Flag-Monaco.jpg,,,,,,,
leclerc,http://en.wikipedia.org/wiki/Charles_Leclerc,Charles,Leclerc,16/10/1997,Monegasque,https://cdn.britannica.com/50/2750-050-688E6E49/Flag-Monaco.jpg,,,,,,,
liuzzi,http://en.wikipedia.org/wiki/Vitantonio_Liuzzi,Vitantonio,Liuzzi,06/08/1980,Italian,https://upload.wikimedia.org/wikipedia/en/thumb/0/03/Flag_of_Italy.svg/255px-Flag_of_Italy.svg.png,,,,,,,
liuzzi,http://en.wikipedia.org/wiki/Vitantonio_Liuzzi,Vitantonio,Liuzzi,06/08/1980,Italian,https://upload.wikimedia.org/wikipedia/en/thumb/0/03/Flag_of_Italy.svg/255px-Flag_of_Italy.svg.png,,,,,,,
lotterer,http://en.wikipedia.org/wiki/Andr%C3%A9_Lotterer,André,Lotterer,19/11/1981,German,https://upload.wikimedia.org/wikipedia/en/thumb/b/ba/Flag_of_Germany.svg/1200px-Flag_of_Germany.svg.png,,,,,,,
maldonado,http://en.wikipedia.org/wiki/Pastor_Maldonado,Pastor,Maldonado,09/03/1985,Venezuelan,https://cdn.britannica.com/04/4904-004-EBEFDE35/Flag-Venezuela.jpg,,,,,,,
maldonado,http://en.wikipedia.org/wiki/Pastor_Maldonado,Pastor,Maldonado,09/03/1985,Venezuelan,https://cdn.britannica.com/04/4904-004-EBEFDE35/Flag-Venezuela.jpg,,,,,,,
maldonado,http://en.wikipedia.org/wiki/Pastor_Maldonado,Pastor,Maldonado,09/03/1985,Venezuelan,https://cdn.britannica.com/04/4904-004-EBEFDE35/Flag-Venezuela.jpg,,,,,,,
maldonado,http://en.wikipedia.org/wiki/Pastor_Maldonado,Pastor,Maldonado,09/03/1985,Venezuelan,https://cdn.britannica.com/04/4904-004-EBEFDE35/Flag-Venezuela.jpg,,,,,,,
maldonado,http://en.wikipedia.org/wiki/Pastor_Maldonado,Pastor,Maldonado,09/03/1985,Venezuelan,https://cdn.britannica.com/04/4904-004-EBEFDE35/Flag-Venezuela.jpg,,,,,,,
massa,http://en.wikipedia.org/wiki/Felipe_Massa,Felipe,Massa,25/04/1981,Brazilian,https://upload.wikimedia.org/wikipedia/en/thumb/0/05/Flag_of_Brazil.svg/640px-Flag_of_Brazil.svg.png,,,,,,,
massa,http://en.wikipedia.org/wiki/Felipe_Massa,Felipe,Massa,25/04/1981,Brazilian,https://upload.wikimedia.org/wikipedia/en/thumb/0/05/Flag_of_Brazil.svg/640px-Flag_of_Brazil.svg.png,,,,,,,
massa,http://en.wikipedia.org/wiki/Felipe_Massa,Felipe,Massa,25/04/1981,Brazilian,https://upload.wikimedia.org/wikipedia/en/thumb/0/05/Flag_of_Brazil.svg/640px-Flag_of_Brazil.svg.png,,,,,,,
massa,http://en.wikipedia.org/wiki/Felipe_Massa,Felipe,Massa,25/04/1981,Brazilian,https://upload.wikimedia.org/wikipedia/en/thumb/0/05/Flag_of_Brazil.svg/640px-Flag_of_Brazil.svg.png,,,,,,,
massa,http://en.wikipedia.org/wiki/Felipe_Massa,Felipe,Massa,25/04/1981,Brazilian,https://upload.wikimedia.org/wikipedia/en/thumb/0/05/Flag_of_Brazil.svg/640px-Flag_of_Brazil.svg.png,,,,,,,
massa,http://en.wikipedia.org/wiki/Felipe_Massa,Felipe,Massa,25/04/1981,Brazilian,https://upload.wikimedia.org/wikipedia/en/thumb/0/05/Flag_of_Brazil.svg/640px-Flag_of_Brazil.svg.png,,,,,,,
massa,http://en.wikipedia.org/wiki/Felipe_Massa,Felipe,Massa,25/04/1981,Brazilian,https://upload.wikimedia.org/wikipedia/en/thumb/0/05/Flag_of_Brazil.svg/640px-Flag_of_Brazil.svg.png,,,,,,,
massa,http://en.wikipedia.org/wiki/Felipe_Massa,Felipe,Massa,25/04/1981,Brazilian,https://upload.wikimedia.org/wikipedia/en/thumb/0/05/Flag_of_Brazil.svg/640px-Flag_of_Brazil.svg.png,,,,,,,
max_verstappen,http://en.wikipedia.org/wiki/Max_Verstappen,Max,Verstappen,30/09/1997,Dutch,https://upload.wikimedia.org/wikipedia/commons/2/20/Flag_of_the_Netherlands.svg,,,,,,,
max_verstappen,http://en.wikipedia.org/wiki/Max_Verstappen,Max,Verstappen,30/09/1997,Dutch,https://upload.wikimedia.org/wikipedia/commons/2/20/Flag_of_the_Netherlands.svg,,,,,,,
max_verstappen,http://en.wikipedia.org/wiki/Max_Verstappen,Max,Verstappen,30/09/1997,Dutch,https://upload.wikimedia.org/wikipedia/commons/2/20/Flag_of_the_Netherlands.svg,,,,,,,
max_verstappen,http://en.wikipedia.org/wiki/Max_Verstappen,Max,Verstappen,30/09/1997,Dutch,https://upload.wikimedia.org/wikipedia/commons/2/20/Flag_of_the_Netherlands.svg,,,,,,,
max_verstappen,http://en.wikipedia.org/wiki/Max_Verstappen,Max,Verstappen,30/09/1997,Dutch,https://upload.wikimedia.org/wikipedia/commons/2/20/Flag_of_the_Netherlands.svg,,,,,,,
max_verstappen,http://en.wikipedia.org/wiki/Max_Verstappen,Max,Verstappen,30/09/1997,Dutch,https://upload.wikimedia.org/wikipedia/commons/2/20/Flag_of_the_Netherlands.svg,,,,,,,
max_verstappen,http://en.wikipedia.org/wiki/Max_Verstappen,Max,Verstappen,30/09/1997,Dutch,https://upload.wikimedia.org/wikipedia/commons/2/20/Flag_of_the_Netherlands.svg,,,,,,,
max_verstappen,http://en.wikipedia.org/wiki/Max_Verstappen,Max,Verstappen,30/09/1997,Dutch,https://upload.wikimedia.org/wikipedia/commons/2/20/Flag_of_the_Netherlands.svg,,,,,,,
mazepin,http://en.wikipedia.org/wiki/Nikita_Mazepin,Nikita,Mazepin,02/03/1999,Russian,https://cdn.britannica.com/42/3842-004-F47B77BC/Flag-Russia.jpg,,,,,,,
merhi,http://en.wikipedia.org/wiki/Roberto_Merhi,Roberto,Merhi,22/03/1991,Spanish,https://cdn.britannica.com/36/4336-004-6BD81071/Flag-Spain.jpg,,,,,,,
michael_schumacher,http://en.wikipedia.org/wiki/Michael_Schumacher,Michael,Schumacher,03/01/1969,German,https://upload.wikimedia.org/wikipedia/en/thumb/b/ba/Flag_of_Germany.svg/1200px-Flag_of_Germany.svg.png,,,,,,,
michael_schumacher,http://en.wikipedia.org/wiki/Michael_Schumacher,Michael,Schumacher,03/01/1969,German,https://upload.wikimedia.org/wikipedia/en/thumb/b/ba/Flag_of_Germany.svg/1200px-Flag_of_Germany.svg.png,,,,,,,
michael_schumacher,http://en.wikipedia.org/wiki/Michael_Schumacher,Michael,Schumacher,03/01/1969,German,https://upload.wikimedia.org/wikipedia/en/thumb/b/ba/Flag_of_Germany.svg/1200px-Flag_of_Germany.svg.png,,,,,,,
mick_schumacher,http://en.wikipedia.org/wiki/Mick_Schumacher,Mick,Schumacher,22/03/1999,German,https://upload.wikimedia.org/wikipedia/en/thumb/b/ba/Flag_of_Germany.svg/1200px-Flag_of_Germany.svg.png,,,,,,,
mick_schumacher,http://en.wikipedia.org/wiki/Mick_Schumacher,Mick,Schumacher,22/03/1999,German,https://upload.wikimedia.org/wikipedia/en/thumb/b/ba/Flag_of_Germany.svg/1200px-Flag_of_Germany.svg.png,,,,,,,
nasr,http://en.wikipedia.org/wiki/Felipe_Nasr,Felipe,Nasr,21/08/1992,Brazilian,https://upload.wikimedia.org/wikipedia/en/thumb/0/05/Flag_of_Brazil.svg/640px-Flag_of_Brazil.svg.png,,,,,,,
nasr,http://en.wikipedia.org/wiki/Felipe_Nasr,Felipe,Nasr,21/08/1992,Brazilian,https://upload.wikimedia.org/wikipedia/en/thumb/0/05/Flag_of_Brazil.svg/640px-Flag_of_Brazil.svg.png,,,,,,,
norris,http://en.wikipedia.org/wiki/Lando_Norris,Lando,Norris,13/11/1999,British,https://cdn.britannica.com/25/4825-004-F1975B92/Flag-United-Kingdom.jpg,,,,,,,
norris,http://en.wikipedia.org/wiki/Lando_Norris,Lando,Norris,13/11/1999,British,https://cdn.britannica.com/25/4825-004-F1975B92/Flag-United-Kingdom.jpg,,,,,,,
norris,http://en.wikipedia.org/wiki/Lando_Norris,Lando,Norris,13/11/1999,British,https://cdn.britannica.com/25/4825-004-F1975B92/Flag-United-Kingdom.jpg,,,,,,,
norris,http://en.wikipedia.org/wiki/Lando_Norris,Lando,Norris,13/11/1999,British,https://cdn.britannica.com/25/4825-004-F1975B92/Flag-United-Kingdom.jpg,,,,,,,
ocon,http://en.wikipedia.org/wiki/Esteban_Ocon,Esteban,Ocon,17/09/1996,French,https://cdn.britannica.com/82/682-004-F0B47FCB/Flag-France.jpg,,,,,,,
ocon,http://en.wikipedia.org/wiki/Esteban_Ocon,Esteban,Ocon,17/09/1996,French,https://cdn.britannica.com/82/682-004-F0B47FCB/Flag-France.jpg,,,,,,,
ocon,http://en.wikipedia.org/wiki/Esteban_Ocon,Esteban,Ocon,17/09/1996,French,https://cdn.britannica.com/82/682-004-F0B47FCB/Flag-France.jpg,,,,,,,
ocon,http://en.wikipedia.org/wiki/Esteban_Ocon,Esteban,Ocon,17/09/1996,French,https://cdn.britannica.com/82/682-004-F0B47FCB/Flag-France.jpg,,,,,,,
ocon,http://en.wikipedia.org/wiki/Esteban_Ocon,Esteban,Ocon,17/09/1996,French,https://cdn.britannica.com/82/682-004-F0B47FCB/Flag-France.jpg,,,,,,,
ocon,http://en.wikipedia.org/wiki/Esteban_Ocon,Esteban,Ocon,17/09/1996,French,https://cdn.britannica.com/82/682-004-F0B47FCB/Flag-France.jpg,,,,,,,
perez,http://en.wikipedia.org/wiki/Sergio_P%C3%A9rez,Sergio,Pérez,26/01/1990,Mexican,https://cdn.britannica.com/73/2573-004-29818847/Flag-Mexico.jpg,,,,,,,
perez,http://en.wikipedia.org/wiki/Sergio_P%C3%A9rez,Sergio,Pérez,26/01/1990,Mexican,https://cdn.britannica.com/73/2573-004-29818847/Flag-Mexico.jpg,,,,,,,
perez,http://en.wikipedia.org/wiki/Sergio_P%C3%A9rez,Sergio,Pérez,26/01/1990,Mexican,https://cdn.britannica.com/73/2573-004-29818847/Flag-Mexico.jpg,,,,,,,
perez,http://en.wikipedia.org/wiki/Sergio_P%C3%A9rez,Sergio,Pérez,26/01/1990,Mexican,https://cdn.britannica.com/73/2573-004-29818847/Flag-Mexico.jpg,,,,,,,
perez,http://en.wikipedia.org/wiki/Sergio_P%C3%A9rez,Sergio,Pérez,26/01/1990,Mexican,https://cdn.britannica.com/73/2573-004-29818847/Flag-Mexico.jpg,,,,,,,
perez,http://en.wikipedia.org/wiki/Sergio_P%C3%A9rez,Sergio,Pérez,26/01/1990,Mexican,https://cdn.britannica.com/73/2573-004-29818847/Flag-Mexico.jpg,,,,,,,
perez,http://en.wikipedia.org/wiki/Sergio_P%C3%A9rez,Sergio,Pérez,26/01/1990,Mexican,https://cdn.britannica.com/73/2573-004-29818847/Flag-Mexico.jpg,,,,,,,
perez,http://en.wikipedia.org/wiki/Sergio_P%C3%A9rez,Sergio,Pérez,26/01/1990,Mexican,https://cdn.britannica.com/73/2573-004-29818847/Flag-Mexico.jpg,,,,,,,
perez,http://en.wikipedia.org/wiki/Sergio_P%C3%A9rez,Sergio,Pérez,26/01/1990,Mexican,https://cdn.britannica.com/73/2573-004-29818847/Flag-Mexico.jpg,,,,,,,
perez,http://en.wikipedia.org/wiki/Sergio_P%C3%A9rez,Sergio,Pérez,26/01/1990,Mexican,https://cdn.britannica.com/73/2573-004-29818847/Flag-Mexico.jpg,,,,,,,
perez,http://en.wikipedia.org/wiki/Sergio_P%C3%A9rez,Sergio,Pérez,26/01/1990,Mexican,https://cdn.britannica.com/73/2573-004-29818847/Flag-Mexico.jpg,,,,,,,
perez,http://en.wikipedia.org/wiki/Sergio_P%C3%A9rez,Sergio,Pérez,26/01/1990,Mexican,https://cdn.britannica.com/73/2573-004-29818847/Flag-Mexico.jpg,,,,,,,
petrov,http://en.wikipedia.org/wiki/Vitaly_Petrov,Vitaly,Petrov,08/09/1984,Russian,https://cdn.britannica.com/42/3842-004-F47B77BC/Flag-Russia.jpg,,,,,,,
petrov,http://en.wikipedia.org/wiki/Vitaly_Petrov,Vitaly,Petrov,08/09/1984,Russian,https://cdn.britannica.com/42/3842-004-F47B77BC/Flag-Russia.jpg,,,,,,,
petrov,http://en.wikipedia.org/wiki/Vitaly_Petrov,Vitaly,Petrov,08/09/1984,Russian,https://cdn.britannica.com/42/3842-004-F47B77BC/Flag-Russia.jpg,,,,,,,
pic,http://en.wikipedia.org/wiki/Charles_Pic,Charles,Pic,15/02/1990,French,https://cdn.britannica.com/82/682-004-F0B47FCB/Flag-France.jpg,,,,,,,
pic,http://en.wikipedia.org/wiki/Charles_Pic,Charles,Pic,15/02/1990,French,https://cdn.britannica.com/82/682-004-F0B47FCB/Flag-France.jpg,,,,,,,
pietro_fittipaldi,http://en.wikipedia.org/wiki/Pietro_Fittipaldi,Pietro,Fittipaldi,25/06/1996,Brazilian,https://upload.wikimedia.org/wikipedia/en/thumb/0/05/Flag_of_Brazil.svg/640px-Flag_of_Brazil.svg.png,,,,,,,
raikkonen,http://en.wikipedia.org/wiki/Kimi_R%C3%A4ikk%C3%B6nen,Kimi,Räikkönen,17/10/1979,Finnish,https://cdn.britannica.com/79/579-004-0EA4217C/Flag-Finland.jpg,,,,,,,
raikkonen,http://en.wikipedia.org/wiki/Kimi_R%C3%A4ikk%C3%B6nen,Kimi,Räikkönen,17/10/1979,Finnish,https://cdn.britannica.com/79/579-004-0EA4217C/Flag-Finland.jpg,,,,,,,
raikkonen,http://en.wikipedia.org/wiki/Kimi_R%C3%A4ikk%C3%B6nen,Kimi,Räikkönen,17/10/1979,Finnish,https://cdn.britannica.com/79/579-004-0EA4217C/Flag-Finland.jpg,,,,,,,
raikkonen,http://en.wikipedia.org/wiki/Kimi_R%C3%A4ikk%C3%B6nen,Kimi,Räikkönen,17/10/1979,Finnish,https://cdn.britannica.com/79/579-004-0EA4217C/Flag-Finland.jpg,,,,,,,
raikkonen,http://en.wikipedia.org/wiki/Kimi_R%C3%A4ikk%C3%B6nen,Kimi,Räikkönen,17/10/1979,Finnish,https://cdn.britannica.com/79/579-004-0EA4217C/Flag-Finland.jpg,,,,,,,
raikkonen,http://en.wikipedia.org/wiki/Kimi_R%C3%A4ikk%C3%B6nen,Kimi,Räikkönen,17/10/1979,Finnish,https://cdn.britannica.com/79/579-004-0EA4217C/Flag-Finland.jpg,,,,,,,
raikkonen,http://en.wikipedia.org/wiki/Kimi_R%C3%A4ikk%C3%B6nen,Kimi,Räikkönen,17/10/1979,Finnish,https://cdn.britannica.com/79/579-004-0EA4217C/Flag-Finland.jpg,,,,,,,
raikkonen,http://en.wikipedia.org/wiki/Kimi_R%C3%A4ikk%C3%B6nen,Kimi,Räikkönen,17/10/1979,Finnish,https://cdn.britannica.com/79/579-004-0EA4217C/Flag-Finland.jpg,,,,,,,
raikkonen,http://en.wikipedia.org/wiki/Kimi_R%C3%A4ikk%C3%B6nen,Kimi,Räikkönen,17/10/1979,Finnish,https://cdn.britannica.com/79/579-004-0EA4217C/Flag-Finland.jpg,,,,,,,
raikkonen,http://en.wikipedia.org/wiki/Kimi_R%C3%A4ikk%C3%B6nen,Kimi,Räikkönen,17/10/1979,Finnish,https://cdn.britannica.com/79/579-004-0EA4217C/Flag-Finland.jpg,,,,,,,
resta,http://en.wikipedia.org/wiki/Paul_di_Resta,Paul,di Resta,16/04/1986,British,https://cdn.britannica.com/25/4825-004-F1975B92/Flag-United-Kingdom.jpg,,,,,,,
resta,http://en.wikipedia.org/wiki/Paul_di_Resta,Paul,di Resta,16/04/1986,British,https://cdn.britannica.com/25/4825-004-F1975B92/Flag-United-Kingdom.jpg,,,,,,,
resta,http://en.wikipedia.org/wiki/Paul_di_Resta,Paul,di Resta,16/04/1986,British,https://cdn.britannica.com/25/4825-004-F1975B92/Flag-United-Kingdom.jpg,,,,,,,
resta,http://en.wikipedia.org/wiki/Paul_di_Resta,Paul,di Resta,16/04/1986,British,https://cdn.britannica.com/25/4825-004-F1975B92/Flag-United-Kingdom.jpg,,,,,,,
ricciardo,http://en.wikipedia.org/wiki/Daniel_Ricciardo,Daniel,Ricciardo,01/07/1989,Australian,https://cdn.britannica.com/78/6078-004-77AF7322/Flag-Australia.jpg,,,,,,,
ricciardo,http://en.wikipedia.org/wiki/Daniel_Ricciardo,Daniel,Ricciardo,01/07/1989,Australian,https://cdn.britannica.com/78/6078-004-77AF7322/Flag-Australia.jpg,,,,,,,
ricciardo,http://en.wikipedia.org/wiki/Daniel_Ricciardo,Daniel,Ricciardo,01/07/1989,Australian,https://cdn.britannica.com/78/6078-004-77AF7322/Flag-Australia.jpg,,,,,,,
ricciardo,http://en.wikipedia.org/wiki/Daniel_Ricciardo,Daniel,Ricciardo,01/07/1989,Australian,https://cdn.britannica.com/78/6078-004-77AF7322/Flag-Australia.jpg,,,,,,,
ricciardo,http://en.wikipedia.org/wiki/Daniel_Ricciardo,Daniel,Ricciardo,01/07/1989,Australian,https://cdn.britannica.com/78/6078-004-77AF7322/Flag-Australia.jpg,,,,,,,
ricciardo,http://en.wikipedia.org/wiki/Daniel_Ricciardo,Daniel,Ricciardo,01/07/1989,Australian,https://cdn.britannica.com/78/6078-004-77AF7322/Flag-Australia.jpg,,,,,,,
ricciardo,http://en.wikipedia.org/wiki/Daniel_Ricciardo,Daniel,Ricciardo,01/07/1989,Australian,https://cdn.britannica.com/78/6078-004-77AF7322/Flag-Australia.jpg,,,,,,,
ricciardo,http://en.wikipedia.org/wiki/Daniel_Ricciardo,Daniel,Ricciardo,01/07/1989,Australian,https://cdn.britannica.com/78/6078-004-77AF7322/Flag-Australia.jpg,,,,,,,
ricciardo,http://en.wikipedia.org/wiki/Daniel_Ricciardo,Daniel,Ricciardo,01/07/1989,Australian,https://cdn.britannica.com/78/6078-004-77AF7322/Flag-Australia.jpg,,,,,,,
ricciardo,http://en.wikipedia.org/wiki/Daniel_Ricciardo,Daniel,Ricciardo,01/07/1989,Australian,https://cdn.britannica.com/78/6078-004-77AF7322/Flag-Australia.jpg,,,,,,,
ricciardo,http://en.wikipedia.org/wiki/Daniel_Ricciardo,Daniel,Ricciardo,01/07/1989,Australian,https://cdn.britannica.com/78/6078-004-77AF7322/Flag-Australia.jpg,,,,,,,
ricciardo,http://en.wikipedia.org/wiki/Daniel_Ricciardo,Daniel,Ricciardo,01/07/1989,Australian,https://cdn.britannica.com/78/6078-004-77AF7322/Flag-Australia.jpg,,,,,,,
rosa,http://en.wikipedia.org/wiki/Pedro_de_la_Rosa,Pedro,de la Rosa,24/02/1971,Spanish,https://cdn.britannica.com/36/4336-004-6BD81071/Flag-Spain.jpg,,,,,,,
rosa,http://en.wikipedia.org/wiki/Pedro_de_la_Rosa,Pedro,de la Rosa,24/02/1971,Spanish,https://cdn.britannica.com/36/4336-004-6BD81071/Flag-Spain.jpg,,,,,,,
rosa,http://en.wikipedia.org/wiki/Pedro_de_la_Rosa,Pedro,de la Rosa,24/02/1971,Spanish,https://cdn.britannica.com/36/4336-004-6BD81071/Flag-Spain.jpg,,,,,,,
rosberg,http://en.wikipedia.org/wiki/Nico_Rosberg,Nico,Rosberg,27/06/1985,German,https://upload.wikimedia.org/wikipedia/en/thumb/b/ba/Flag_of_Germany.svg/1200px-Flag_of_Germany.svg.png,,,,,,,
rosberg,http://en.wikipedia.org/wiki/Nico_Rosberg,Nico,Rosberg,27/06/1985,German,https://upload.wikimedia.org/wikipedia/en/thumb/b/ba/Flag_of_Germany.svg/1200px-Flag_of_Germany.svg.png,,,,,,,
rosberg,http://en.wikipedia.org/wiki/Nico_Rosberg,Nico,Rosberg,27/06/1985,German,https://upload.wikimedia.org/wikipedia/en/thumb/b/ba/Flag_of_Germany.svg/1200px-Flag_of_Germany.svg.png,,,,,,,
rosberg,http://en.wikipedia.org/wiki/Nico_Rosberg,Nico,Rosberg,27/06/1985,German,https://upload.wikimedia.org/wikipedia/en/thumb/b/ba/Flag_of_Germany.svg/1200px-Flag_of_Germany.svg.png,,,,,,,
rosberg,http://en.wikipedia.org/wiki/Nico_Rosberg,Nico,Rosberg,27/06/1985,German,https://upload.wikimedia.org/wikipedia/en/thumb/b/ba/Flag_of_Germany.svg/1200px-Flag_of_Germany.svg.png,,,,,,,
rosberg,http://en.wikipedia.org/wiki/Nico_Rosberg,Nico,Rosberg,27/06/1985,German,https://upload.wikimedia.org/wikipedia/en/thumb/b/ba/Flag_of_Germany.svg/1200px-Flag_of_Germany.svg.png,,,,,,,
rosberg,http://en.wikipedia.org/wiki/Nico_Rosberg,Nico,Rosberg,27/06/1985,German,https://upload.wikimedia.org/wikipedia/en/thumb/b/ba/Flag_of_Germany.svg/1200px-Flag_of_Germany.svg.png,,,,,,,
rossi,http://en.wikipedia.org/wiki/Alexander_Rossi_%28racing_driver%29,Alexander,Rossi,25/09/1991,American,https://upload.wikimedia.org/wikipedia/en/a/a4/Flag_of_the_United_States.svg,,,,,,,
russell,http://en.wikipedia.org/wiki/George_Russell_%28racing_driver%29,George,Russell,15/02/1998,British,https://cdn.britannica.com/25/4825-004-F1975B92/Flag-United-Kingdom.jpg,,,,,,,
russell,http://en.wikipedia.org/wiki/George_Russell_%28racing_driver%29,George,Russell,15/02/1998,British,https://cdn.britannica.com/25/4825-004-F1975B92/Flag-United-Kingdom.jpg,,,,,,,
russell,http://en.wikipedia.org/wiki/George_Russell_%28racing_driver%29,George,Russell,15/02/1998,British,https://cdn.britannica.com/25/4825-004-F1975B92/Flag-United-Kingdom.jpg,,,,,,,
russell,http://en.wikipedia.org/wiki/George_Russell_%28racing_driver%29,George,Russell,15/02/1998,British,https://cdn.britannica.com/25/4825-004-F1975B92/Flag-United-Kingdom.jpg,,,,,,,
sainz,http://en.wikipedia.org/wiki/Carlos_Sainz_Jr.,Carlos,Sainz,01/09/1994,Spanish,https://cdn.britannica.com/36/4336-004-6BD81071/Flag-Spain.jpg,,,,,,,
sainz,http://en.wikipedia.org/wiki/Carlos_Sainz_Jr.,Carlos,Sainz,01/09/1994,Spanish,https://cdn.britannica.com/36/4336-004-6BD81071/Flag-Spain.jpg,,,,,,,
sainz,http://en.wikipedia.org/wiki/Carlos_Sainz_Jr.,Carlos,Sainz,01/09/1994,Spanish,https://cdn.britannica.com/36/4336-004-6BD81071/Flag-Spain.jpg,,,,,,,
sainz,http://en.wikipedia.org/wiki/Carlos_Sainz_Jr.,Carlos,Sainz,01/09/1994,Spanish,https://cdn.britannica.com/36/4336-004-6BD81071/Flag-Spain.jpg,,,,,,,
sainz,http://en.wikipedia.org/wiki/Carlos_Sainz_Jr.,Carlos,Sainz,01/09/1994,Spanish,https://cdn.britannica.com/36/4336-004-6BD81071/Flag-Spain.jpg,,,,,,,
sainz,http://en.wikipedia.org/wiki/Carlos_Sainz_Jr.,Carlos,Sainz,01/09/1994,Spanish,https://cdn.britannica.com/36/4336-004-6BD81071/Flag-Spain.jpg,,,,,,,
sainz,http://en.wikipedia.org/wiki/Carlos_Sainz_Jr.,Carlos,Sainz,01/09/1994,Spanish,https://cdn.britannica.com/36/4336-004-6BD81071/Flag-Spain.jpg,,,,,,,
sainz,http://en.wikipedia.org/wiki/Carlos_Sainz_Jr.,Carlos,Sainz,01/09/1994,Spanish,https://cdn.britannica.com/36/4336-004-6BD81071/Flag-Spain.jpg,,,,,,,
sirotkin,http://en.wikipedia.org/wiki/Sergey_Sirotkin_(racing_driver),Sergey,Sirotkin,27/08/1995,Russian,https://cdn.britannica.com/42/3842-004-F47B77BC/Flag-Russia.jpg,,,,,,,
stevens,http://en.wikipedia.org/wiki/Will_Stevens,Will,Stevens,28/06/1991,British,https://cdn.britannica.com/25/4825-004-F1975B92/Flag-United-Kingdom.jpg,,,,,,,
stevens,http://en.wikipedia.org/wiki/Will_Stevens,Will,Stevens,28/06/1991,British,https://cdn.britannica.com/25/4825-004-F1975B92/Flag-United-Kingdom.jpg,,,,,,,
stroll,http://en.wikipedia.org/wiki/Lance_Stroll,Lance,Stroll,29/10/1998,Canadian,https://upload.wikimedia.org/wikipedia/commons/d/d9/Flag_of_Canada_%28Pantone%29.svg,,,,,,,
stroll,http://en.wikipedia.org/wiki/Lance_Stroll,Lance,Stroll,29/10/1998,Canadian,https://upload.wikimedia.org/wikipedia/commons/d/d9/Flag_of_Canada_%28Pantone%29.svg,,,,,,,
stroll,http://en.wikipedia.org/wiki/Lance_Stroll,Lance,Stroll,29/10/1998,Canadian,https://upload.wikimedia.org/wikipedia/commons/d/d9/Flag_of_Canada_%28Pantone%29.svg,,,,,,,
stroll,http://en.wikipedia.org/wiki/Lance_Stroll,Lance,Stroll,29/10/1998,Canadian,https://upload.wikimedia.org/wikipedia/commons/d/d9/Flag_of_Canada_%28Pantone%29.svg,,,,,,,
stroll,http://en.wikipedia.org/wiki/Lance_Stroll,Lance,Stroll,29/10/1998,Canadian,https://upload.wikimedia.org/wikipedia/commons/d/d9/Flag_of_Canada_%28Pantone%29.svg,,,,,,,
stroll,http://en.wikipedia.org/wiki/Lance_Stroll,Lance,Stroll,29/10/1998,Canadian,https://upload.wikimedia.org/wikipedia/commons/d/d9/Flag_of_Canada_%28Pantone%29.svg,,,,,,,
sutil,http://en.wikipedia.org/wiki/Adrian_Sutil,Adrian,Sutil,11/01/1983,German,https://upload.wikimedia.org/wikipedia/en/thumb/b/ba/Flag_of_Germany.svg/1200px-Flag_of_Germany.svg.png,,,,,,,
sutil,http://en.wikipedia.org/wiki/Adrian_Sutil,Adrian,Sutil,11/01/1983,German,https://upload.wikimedia.org/wikipedia/en/thumb/b/ba/Flag_of_Germany.svg/1200px-Flag_of_Germany.svg.png,,,,,,,
sutil,http://en.wikipedia.org/wiki/Adrian_Sutil,Adrian,Sutil,11/01/1983,German,https://upload.wikimedia.org/wikipedia/en/thumb/b/ba/Flag_of_Germany.svg/1200px-Flag_of_Germany.svg.png,,,,,,,
sutil,http://en.wikipedia.org/wiki/Adrian_Sutil,Adrian,Sutil,11/01/1983,German,https://upload.wikimedia.org/wikipedia/en/thumb/b/ba/Flag_of_Germany.svg/1200px-Flag_of_Germany.svg.png,,,,,,,
trulli,http://en.wikipedia.org/wiki/Jarno_Trulli,Jarno,Trulli,13/07/1974,Italian,https://upload.wikimedia.org/wikipedia/en/thumb/0/03/Flag_of_Italy.svg/255px-Flag_of_Italy.svg.png,,,,,,,
trulli,http://en.wikipedia.org/wiki/Jarno_Trulli,Jarno,Trulli,13/07/1974,Italian,https://upload.wikimedia.org/wikipedia/en/thumb/0/03/Flag_of_Italy.svg/255px-Flag_of_Italy.svg.png,,,,,,,
tsunoda,http://en.wikipedia.org/wiki/Yuki_Tsunoda,Yuki,Tsunoda,11/05/2000,Japanese,https://upload.wikimedia.org/wikipedia/en/thumb/9/9e/Flag_of_Japan.svg/1200px-Flag_of_Japan.svg.png,,,,,,,
tsunoda,http://en.wikipedia.org/wiki/Yuki_Tsunoda,Yuki,Tsunoda,11/05/2000,Japanese,https://upload.wikimedia.org/wikipedia/en/thumb/9/9e/Flag_of_Japan.svg/1200px-Flag_of_Japan.svg.png,,,,,,,
vandoorne,http://en.wikipedia.org/wiki/Stoffel_Vandoorne,Stoffel,Vandoorne,26/03/1992,Belgian,https://cdn.britannica.com/08/6408-004-405E272F/Flag-Belgium.jpg,,,,,,,
vandoorne,http://en.wikipedia.org/wiki/Stoffel_Vandoorne,Stoffel,Vandoorne,26/03/1992,Belgian,https://cdn.britannica.com/08/6408-004-405E272F/Flag-Belgium.jpg,,,,,,,
vandoorne,http://en.wikipedia.org/wiki/Stoffel_Vandoorne,Stoffel,Vandoorne,26/03/1992,Belgian,https://cdn.britannica.com/08/6408-004-405E272F/Flag-Belgium.jpg,,,,,,,
vergne,http://en.wikipedia.org/wiki/Jean-%C3%89ric_Vergne,Jean-Éric,Vergne,25/04/1990,French,https://cdn.britannica.com/82/682-004-F0B47FCB/Flag-France.jpg,,,,,,,
vergne,http://en.wikipedia.org/wiki/Jean-%C3%89ric_Vergne,Jean-Éric,Vergne,25/04/1990,French,https://cdn.britannica.com/82/682-004-F0B47FCB/Flag-France.jpg,,,,,,,
vergne,http://en.wikipedia.org/wiki/Jean-%C3%89ric_Vergne,Jean-Éric,Vergne,25/04/1990,French,https://cdn.britannica.com/82/682-004-F0B47FCB/Flag-France.jpg,,,,,,,
vettel,http://en.wikipedia.org/wiki/Sebastian_Vettel,Sebastian,Vettel,03/07/1987,German,https://upload.wikimedia.org/wikipedia/en/thumb/b/ba/Flag_of_Germany.svg/1200px-Flag_of_Germany.svg.png,,,,,,,
vettel,http://en.wikipedia.org/wiki/Sebastian_Vettel,Sebastian,Vettel,03/07/1987,German,https://upload.wikimedia.org/wikipedia/en/thumb/b/ba/Flag_of_Germany.svg/1200px-Flag_of_Germany.svg.png,,,,,,,
vettel,http://en.wikipedia.org/wiki/Sebastian_Vettel,Sebastian,Vettel,03/07/1987,German,https://upload.wikimedia.org/wikipedia/en/thumb/b/ba/Flag_of_Germany.svg/1200px-Flag_of_Germany.svg.png,,,,,,,
vettel,http://en.wikipedia.org/wiki/Sebastian_Vettel,Sebastian,Vettel,03/07/1987,German,https://upload.wikimedia.org/wikipedia/en/thumb/b/ba/Flag_of_Germany.svg/1200px-Flag_of_Germany.svg.png,,,,,,,
vettel,http://en.wikipedia.org/wiki/Sebastian_Vettel,Sebastian,Vettel,03/07/1987,German,https://upload.wikimedia.org/wikipedia/en/thumb/b/ba/Flag_of_Germany.svg/1200px-Flag_of_Germany.svg.png,,,,,,,
vettel,http://en.wikipedia.org/wiki/Sebastian_Vettel,Sebastian,Vettel,03/07/1987,German,https://upload.wikimedia.org/wikipedia/en/thumb/b/ba/Flag_of_Germany.svg/1200px-Flag_of_Germany.svg.png,,,,,,,
vettel,http://en.wikipedia.org/wiki/Sebastian_Vettel,Sebastian,Vettel,03/07/1987,German,https://upload.wikimedia.org/wikipedia/en/thumb/b/ba/Flag_of_Germany.svg/1200px-Flag_of_Germany.svg.png,,,,,,,
vettel,http://en.wikipedia.org/wiki/Sebastian_Vettel,Sebastian,Vettel,03/07/1987,German,https://upload.wikimedia.org/wikipedia/en/thumb/b/ba/Flag_of_Germany.svg/1200px-Flag_of_Germany.svg.png,,,,,,,
vettel,http://en.wikipedia.org/wiki/Sebastian_Vettel,Sebastian,Vettel,03/07/1987,German,https://upload.wikimedia.org/wikipedia/en/thumb/b/ba/Flag_of_Germany.svg/1200px-Flag_of_Germany.svg.png,,,,,,,
vettel,http://en.wikipedia.org/wiki/Sebastian_Vettel,Sebastian,Vettel,03/07/1987,German,https://upload.wikimedia.org/wikipedia/en/thumb/b/ba/Flag_of_Germany.svg/1200px-Flag_of_Germany.svg.png,,,,,,,
vettel,http://en.wikipedia.org/wiki/Sebastian_Vettel,Sebastian,Vettel,03/07/1987,German,https://upload.wikimedia.org/wikipedia/en/thumb/b/ba/Flag_of_Germany.svg/1200px-Flag_of_Germany.svg.png,,,,,,,
vettel,http://en.wikipedia.org/wiki/Sebastian_Vettel,Sebastian,Vettel,03/07/1987,German,https://upload.wikimedia.org/wikipedia/en/thumb/b/ba/Flag_of_Germany.svg/1200px-Flag_of_Germany.svg.png,,,,,,,
vettel,http://en.wikipedia.org/wiki/Sebastian_Vettel,Sebastian,Vettel,03/07/1987,German,https://upload.wikimedia.org/wikipedia/en/thumb/b/ba/Flag_of_Germany.svg/1200px-Flag_of_Germany.svg.png,,,,,,,
webber,http://en.wikipedia.org/wiki/Mark_Webber_(racing_driver),Mark,Webber,27/08/1976,Australian,https://cdn.britannica.com/78/6078-004-77AF7322/Flag-Australia.jpg,,,,,,,
webber,http://en.wikipedia.org/wiki/Mark_Webber_(racing_driver),Mark,Webber,27/08/1976,Australian,https://cdn.britannica.com/78/6078-004-77AF7322/Flag-Australia.jpg,,,,,,,
webber,http://en.wikipedia.org/wiki/Mark_Webber_(racing_driver),Mark,Webber,27/08/1976,Australian,https://cdn.britannica.com/78/6078-004-77AF7322/Flag-Australia.jpg,,,,,,,
webber,http://en.wikipedia.org/wiki/Mark_Webber_(racing_driver),Mark,Webber,27/08/1976,Australian,https://cdn.britannica.com/78/6078-004-77AF7322/Flag-Australia.jpg,,,,,,,
wehrlein,http://en.wikipedia.org/wiki/Pascal_Wehrlein,Pascal,Wehrlein,18/10/1994,German,https://upload.wikimedia.org/wikipedia/en/thumb/b/ba/Flag_of_Germany.svg/1200px-Flag_of_Germany.svg.png,,,,,,,
wehrlein,http://en.wikipedia.org/wiki/Pascal_Wehrlein,Pascal,Wehrlein,18/10/1994,German,https://upload.wikimedia.org/wikipedia/en/thumb/b/ba/Flag_of_Germany.svg/1200px-Flag_of_Germany.svg.png,,,,,,,
yamamoto,http://en.wikipedia.org/wiki/Sakon_Yamamoto,Sakon,Yamamoto,09/07/1982,Japanese,https://upload.wikimedia.org/wikipedia/en/thumb/9/9e/Flag_of_Japan.svg/1200px-Flag_of_Japan.svg.png,,,,,,,
zhou,http://en.wikipedia.org/wiki/Guanyu_Zhou,Guanyu,Zhou,30/05/1999,Chinese,https://cdn.britannica.com/90/7490-004-BAD4AA72/Flag-China.jpg,,,,,,,
