raceID,num,pos,driverId,constructorId,q1,q2,q3
Bahrain Grand Prix,5,1,vettel,red_bull,1:55.029,1:53.883,1:54.101
Bahrain Grand Prix,7,2,massa,ferrari,1:55.313,1:54.331,1:54.242
Bahrain Grand Prix,8,3,alonso,ferrari,1:54.612,1:54.172,1:54.608
Bahrain Grand Prix,2,4,hamilton,mclaren,1:55.341,1:54.707,1:55.217
Bahrain Grand Prix,4,5,rosberg,mercedes,1:55.463,1:54.682,1:55.241
Bahrain Grand Prix,6,6,webber,red_bull,1:55.298,1:54.318,1:55.284
Bahrain Grand Prix,3,7,michael_schumacher,mercedes,1:55.593,1:55.105,1:55.524
Bahrain Grand Prix,1,8,button,mclaren,1:55.715,1:55.168,1:55.672
Bahrain Grand Prix,11,9,kubica,renault,1:55.511,1:54.963,1:55.885
Bahrain Grand Prix,14,10,sutil,force_india,1:55.213,1:54.996,1:56.309
Bahrain Grand Prix,9,11,barrichello,williams,1:55.969,1:55.330,
Bahrain Grand Prix,15,12,liuzzi,force_india,1:55.628,1:55.623,
Bahrain Grand Prix,10,13,hulkenberg,williams,1:56.375,1:55.857,
Bahrain Grand Prix,22,14,rosa,sauber,1:56.428,1:56.237,
Bahrain Grand Prix,16,15,buemi,toro_rosso,1:56.189,1:56.265,
Bahrain Grand Prix,23,16,kobayashi,sauber,1:56.541,1:56.270,
Bahrain Grand Prix,12,17,petrov,renault,1:56.167,1:56.619,
Bahrain Grand Prix,17,18,alguersuari,toro_rosso,1:57.071,,
Bahrain Grand Prix,24,19,glock,virgin,1:59.728,,
Bahrain Grand Prix,18,20,trulli,lotus_racing,1:59.852,,
Bahrain Grand Prix,19,21,kovalainen,lotus_racing,2:00.313,,
Bahrain Grand Prix,25,22,grassi,virgin,2:00.587,,
Bahrain Grand Prix,21,23,bruno_senna,hrt,2:03.204,,
Bahrain Grand Prix,20,24,chandhok,hrt,2:04.904,,
Australian Grand Prix,5,1,vettel,red_bull,1:24.774,1:24.096,1:23.919
Australian Grand Prix,6,2,webber,red_bull,1:25.286,1:24.276,1:24.035
Australian Grand Prix,8,3,alonso,ferrari,1:25.082,1:24.335,1:24.111
Australian Grand Prix,1,4,button,mclaren,1:24.897,1:24.531,1:24.675
Australian Grand Prix,7,5,massa,ferrari,1:25.548,1:25.010,1:24.837
Australian Grand Prix,4,6,rosberg,mercedes,1:24.788,1:24.788,1:24.884
Australian Grand Prix,1,1,vettel,red_bull,1:25.296,1:24.090,1:23.529
Australian Grand Prix,3,2,hamilton,mclaren,1:25.384,1:24.595,1:24.307
Australian Grand Prix,2,3,webber,red_bull,1:25.900,1:24.658,1:24.395
Australian Grand Prix,4,4,button,mclaren,1:25.886,1:24.957,1:24.779
Australian Grand Prix,5,5,alonso,ferrari,1:25.707,1:25.242,1:24.974
Australian Grand Prix,10,6,petrov,renault,1:25.543,1:25.582,1:25.247
Australian Grand Prix,8,7,rosberg,mercedes,1:25.856,1:25.606,1:25.421
Australian Grand Prix,6,8,massa,ferrari,1:26.031,1:25.611,1:25.599
Australian Grand Prix,16,9,kobayashi,sauber,1:25.717,1:25.405,1:25.626
Australian Grand Prix,18,10,buemi,toro_rosso,1:26.232,1:25.882,1:27.066
Australian Grand Prix,7,11,michael_schumacher,mercedes,1:25.962,1:25.971,
Australian Grand Prix,19,12,alguersuari,toro_rosso,1:26.620,1:26.103,
Australian Grand Prix,17,13,perez,sauber,1:25.812,1:26.108,
Australian Grand Prix,15,14,resta,force_india,1:27.222,1:26.739,
Australian Grand Prix,12,15,maldonado,williams,1:26.298,1:26.768,
Australian Grand Prix,14,16,sutil,force_india,1:26.245,1:31.407,
Australian Grand Prix,11,17,barrichello,williams,1:26.270,,
Australian Grand Prix,9,18,heidfeld,renault,1:27.239,,
Australian Grand Prix,20,19,kovalainen,lotus_racing,1:29.254,,
Australian Grand Prix,21,20,trulli,lotus_racing,1:29.342,,
Australian Grand Prix,24,21,glock,virgin,1:29.858,,
Australian Grand Prix,25,22,ambrosio,virgin,1:30.822,,
Australian Grand Prix,23,23,liuzzi,hrt,1:32.978,,
Australian Grand Prix,22,24,karthikeyan,hrt,1:34.293,,
Malaysian Grand Prix,1,1,vettel,red_bull,1:37.468,1:35.934,1:34.870
Malaysian Grand Prix,3,2,hamilton,mclaren,1:36.861,1:35.852,1:34.974
Malaysian Grand Prix,2,3,webber,red_bull,1:37.924,1:36.080,1:35.179
Malaysian Grand Prix,4,4,button,mclaren,1:37.033,1:35.569,1:35.200
Malaysian Grand Prix,5,5,alonso,ferrari,1:36.897,1:36.320,1:35.802
Malaysian Grand Prix,9,6,heidfeld,renault,1:37.224,1:36.811,1:36.124
Australian Grand Prix,4,1,hamilton,mclaren,1:26.800,1:25.626,1:24.922
Australian Grand Prix,3,2,button,mclaren,1:26.832,1:25.663,1:25.074
Australian Grand Prix,10,3,grosjean,lotus_f1,1:26.498,1:25.845,1:25.302
Australian Grand Prix,7,4,michael_schumacher,mercedes,1:26.586,1:25.571,1:25.336
Australian Grand Prix,2,5,webber,red_bull,1:27.117,1:26.597,1:25.651
Australian Grand Prix,1,6,vettel,red_bull,1:26.773,1:25.982,1:25.668
Australian Grand Prix,8,7,rosberg,mercedes,1:26.763,1:25.469,1:25.686
Australian Grand Prix,18,8,maldonado,williams,1:26.803,1:26.206,1:25.908
Australian Grand Prix,12,9,hulkenberg,force_india,1:27.464,1:26.314,1:26.451
Australian Grand Prix,16,10,ricciardo,toro_rosso,1:27.024,1:26.319,
Australian Grand Prix,17,11,vergne,toro_rosso,1:26.493,1:26.429,
Australian Grand Prix,5,12,alonso,ferrari,1:26.688,1:26.494,
Australian Grand Prix,14,13,kobayashi,sauber,1:26.182,1:26.590,
Australian Grand Prix,19,14,bruno_senna,williams,1:27.004,1:26.663,
Australian Grand Prix,11,15,resta,force_india,1:27.469,1:27.086,
Australian Grand Prix,6,16,massa,ferrari,1:27.633,1:27.497,
Australian Grand Prix,15,17,perez,sauber,1:26.596,,
Australian Grand Prix,9,18,raikkonen,lotus_f1,1:27.758,,
Australian Grand Prix,20,19,kovalainen,caterham,1:28.679,,
Australian Grand Prix,21,20,petrov,caterham,1:29.018,,
Australian Grand Prix,24,21,glock,marussia,1:30.923,,
Australian Grand Prix,25,22,pic,marussia,1:31.670,,
Australian Grand Prix,22,23,rosa,hrt,1:33.495,,
Australian Grand Prix,23,24,karthikeyan,hrt,1:33.643,,
Malaysian Grand Prix,4,1,hamilton,mclaren,1:37.813,1:37.106,1:36.219
Malaysian Grand Prix,3,2,button,mclaren,1:37.575,1:36.928,1:36.368
Malaysian Grand Prix,7,3,michael_schumacher,mercedes,1:37.517,1:37.017,1:36.391
Malaysian Grand Prix,2,4,webber,red_bull,1:37.172,1:37.375,1:36.461
Malaysian Grand Prix,9,5,raikkonen,lotus_f1,1:37.961,1:36.715,1:36.461
Malaysian Grand Prix,1,6,vettel,red_bull,1:38.102,1:37.419,1:36.634
Australian Grand Prix,1,1,vettel,red_bull,1:44.657,1:36.745,1:27.407
Australian Grand Prix,2,2,webber,red_bull,1:44.472,1:36.524,1:27.827
Australian Grand Prix,10,3,hamilton,mercedes,1:45.456,1:36.625,1:28.087
Australian Grand Prix,4,4,massa,ferrari,1:44.635,1:36.666,1:28.490
Australian Grand Prix,3,5,alonso,ferrari,1:43.850,1:36.691,1:28.493
Australian Grand Prix,9,6,rosberg,mercedes,1:43.380,1:36.194,1:28.523
Australian Grand Prix,7,7,raikkonen,lotus_f1,1:45.545,1:37.517,1:28.738
Australian Grand Prix,8,8,grosjean,lotus_f1,1:44.284,1:37.641,1:29.013
Australian Grand Prix,14,9,resta,force_india,1:45.601,1:36.901,1:29.305
Australian Grand Prix,5,10,button,mclaren,1:44.688,1:36.644,1:30.357
Australian Grand Prix,11,11,hulkenberg,sauber,1:45.930,1:38.067,
Australian Grand Prix,15,12,sutil,force_india,1:47.330,1:38.134,
Australian Grand Prix,18,13,vergne,toro_rosso,1:44.871,1:38.778,
Australian Grand Prix,19,14,ricciardo,toro_rosso,1:46.450,1:39.042,
Australian Grand Prix,6,15,perez,mclaren,1:44.400,1:39.900,
Australian Grand Prix,17,16,bottas,williams,1:47.328,1:40.290,
Australian Grand Prix,16,17,maldonado,williams,1:47.614,,
Australian Grand Prix,12,18,gutierrez,sauber,1:47.776,,
Australian Grand Prix,22,19,jules_bianchi,marussia,1:48.147,,
Australian Grand Prix,23,20,chilton,marussia,1:48.909,,
Australian Grand Prix,21,21,garde,caterham,1:49.519,,
Australian Grand Prix,20,22,pic,caterham,1:50.626,,
Malaysian Grand Prix,1,1,vettel,red_bull,1:37.899,1:37.245,1:49.674
Malaysian Grand Prix,4,2,massa,ferrari,1:37.712,1:36.874,1:50.587
Malaysian Grand Prix,3,3,alonso,ferrari,1:37.314,1:36.877,1:50.727
Malaysian Grand Prix,10,4,hamilton,mercedes,1:37.513,1:36.517,1:51.699
Malaysian Grand Prix,2,5,webber,red_bull,1:37.619,1:36.449,1:52.244
Malaysian Grand Prix,9,6,rosberg,mercedes,1:37.239,1:36.190,1:52.519
Malaysian Grand Prix,7,7,raikkonen,lotus_f1,1:36.959,1:36.640,1:52.970
Malaysian Grand Prix,5,8,button,mclaren,1:37.487,1:37.117,1:53.175
Australian Grand Prix,44,1,hamilton,mercedes,1:31.699,1:42.890,1:44.231
Australian Grand Prix,3,2,ricciardo,red_bull,1:30.775,1:42.295,1:44.548
Australian Grand Prix,6,3,rosberg,mercedes,1:32.564,1:42.264,1:44.595
Australian Grand Prix,20,4,kevin_magnussen,mclaren,1:30.949,1:43.247,1:45.745
Australian Grand Prix,14,5,alonso,ferrari,1:31.388,1:42.805,1:45.819
Australian Grand Prix,25,6,vergne,toro_rosso,1:33.488,1:43.849,1:45.864
Australian Grand Prix,27,7,hulkenberg,force_india,1:33.893,1:43.658,1:46.030
Australian Grand Prix,26,8,kvyat,toro_rosso,1:33.777,1:44.331,1:47.368
Australian Grand Prix,19,9,massa,williams,1:31.228,1:44.242,1:48.079
Australian Grand Prix,77,10,bottas,williams,1:31.601,1:43.852,1:48.147
Australian Grand Prix,22,11,button,mclaren,1:31.396,1:44.437,
Australian Grand Prix,7,12,raikkonen,ferrari,1:32.439,1:44.494,
Australian Grand Prix,1,13,vettel,red_bull,1:31.931,1:44.688,
Australian Grand Prix,99,14,sutil,sauber,1:33.673,1:45.655,
Australian Grand Prix,10,15,kobayashi,caterham,1:34.274,1:45.867,
Australian Grand Prix,11,16,perez,force_india,1:34.141,1:47.293,
Australian Grand Prix,4,17,chilton,marussia,1:34.293,,
Australian Grand Prix,17,18,jules_bianchi,marussia,1:34.794,,
Australian Grand Prix,21,19,gutierrez,sauber,1:35.117,,
Australian Grand Prix,9,20,ericsson,caterham,1:35.157,,
Australian Grand Prix,8,21,grosjean,lotus_f1,1:36.993,,
Australian Grand Prix,13,22,maldonado,lotus_f1,,,
Malaysian Grand Prix,44,1,hamilton,mercedes,1:57.202,1:59.041,1:59.431
Malaysian Grand Prix,1,2,vettel,red_bull,1:57.654,1:59.399,1:59.486
Malaysian Grand Prix,6,3,rosberg,mercedes,1:57.183,1:59.445,2:00.050
Malaysian Grand Prix,14,4,alonso,ferrari,1:58.889,2:01.356,2:00.175
Malaysian Grand Prix,3,5,ricciardo,red_bull,1:58.913,2:00.147,2:00.541
Malaysian Grand Prix,7,6,raikkonen,ferrari,1:59.257,2:01.532,2:01.218
Malaysian Grand Prix,27,7,hulkenberg,force_india,1:58.883,2:00.839,2:01.712
Malaysian Grand Prix,20,8,kevin_magnussen,mclaren,2:00.356,2:02.094,2:02.213
Australian Grand Prix,44,1,hamilton,mercedes,1:28.586,1:26.894,1:26.327
Australian Grand Prix,6,2,rosberg,mercedes,1:28.906,1:27.097,1:26.921
Australian Grand Prix,19,3,massa,williams,1:29.246,1:27.895,1:27.718
Australian Grand Prix,5,4,vettel,ferrari,1:29.307,1:27.742,1:27.757
Australian Grand Prix,7,5,raikkonen,ferrari,1:29.754,1:27.807,1:27.790
Australian Grand Prix,77,6,bottas,williams,1:29.641,1:27.796,1:28.087
Australian Grand Prix,3,7,ricciardo,red_bull,1:29.788,1:28.679,1:28.329
Australian Grand Prix,55,8,sainz,toro_rosso,1:29.597,1:28.601,1:28.510
Australian Grand Prix,8,9,grosjean,lotus_f1,1:29.537,1:28.589,1:28.560
Australian Grand Prix,13,10,maldonado,lotus_f1,1:29.847,1:28.726,1:29.480
Australian Grand Prix,12,11,nasr,sauber,1:30.430,1:28.800,
Australian Grand Prix,33,12,max_verstappen,toro_rosso,1:29.248,1:28.868,
Australian Grand Prix,26,13,kvyat,red_bull,1:30.402,1:29.070,
Australian Grand Prix,27,14,hulkenberg,force_india,1:29.651,1:29.208,
Australian Grand Prix,11,15,perez,force_india,1:29.990,1:29.209,
Australian Grand Prix,9,16,ericsson,sauber,1:31.376,,
Australian Grand Prix,22,17,button,mclaren,1:31.422,,
Australian Grand Prix,20,18,kevin_magnussen,mclaren,1:32.037,,
Malaysian Grand Prix,44,1,hamilton,mercedes,1:39.269,1:41.517,1:49.834
Malaysian Grand Prix,5,2,vettel,ferrari,1:39.814,1:39.632,1:49.908
Malaysian Grand Prix,6,3,rosberg,mercedes,1:39.374,1:39.377,1:50.299
Malaysian Grand Prix,3,4,ricciardo,red_bull,1:40.504,1:41.085,1:51.541
Malaysian Grand Prix,26,5,kvyat,red_bull,1:40.546,1:41.665,1:51.951
Malaysian Grand Prix,33,6,max_verstappen,toro_rosso,1:40.793,1:41.430,1:51.981
Malaysian Grand Prix,19,7,massa,williams,1:40.543,1:41.230,1:52.473
Malaysian Grand Prix,8,8,grosjean,lotus_f1,1:40.303,1:41.209,1:52.981
Malaysian Grand Prix,77,9,bottas,williams,1:40.249,1:40.650,1:53.179
Malaysian Grand Prix,9,10,ericsson,sauber,1:40.340,1:41.748,1:53.261
Malaysian Grand Prix,7,11,raikkonen,ferrari,1:40.415,1:42.173,
Malaysian Grand Prix,13,12,maldonado,lotus_f1,1:40.361,1:42.198,
Australian Grand Prix,44,1,hamilton,mercedes,1:25.351,1:24.605,1:23.837
Australian Grand Prix,6,2,rosberg,mercedes,1:26.934,1:24.796,1:24.197
Australian Grand Prix,5,3,vettel,ferrari,1:26.945,1:25.257,1:24.675
Australian Grand Prix,7,4,raikkonen,ferrari,1:26.579,1:25.615,1:25.033
Australian Grand Prix,33,5,max_verstappen,toro_rosso,1:26.934,1:25.615,1:25.434
Australian Grand Prix,19,6,massa,williams,1:25.918,1:25.644,1:25.458
Australian Grand Prix,55,7,sainz,toro_rosso,1:27.057,1:25.384,1:25.582
Australian Grand Prix,3,8,ricciardo,red_bull,1:26.945,1:25.599,1:25.589
Australian Grand Prix,11,9,perez,force_india,1:26.607,1:25.753,
Australian Grand Prix,27,10,hulkenberg,force_india,1:26.550,1:25.865,
Australian Grand Prix,77,11,bottas,williams,1:27.135,1:25.961,
Australian Grand Prix,14,12,alonso,mclaren,1:26.537,1:26.125,
Australian Grand Prix,22,13,button,mclaren,1:26.740,1:26.304,
Australian Grand Prix,30,14,jolyon_palmer,renault,1:27.241,1:27.601,
Australian Grand Prix,20,15,kevin_magnussen,renault,1:27.297,1:27.742,
Australian Grand Prix,9,16,ericsson,sauber,1:27.435,,
Australian Grand Prix,12,17,nasr,sauber,1:27.958,,
Australian Grand Prix,26,18,kvyat,red_bull,1:28.006,,
Australian Grand Prix,8,19,grosjean,haas,1:28.322,,
Australian Grand Prix,21,20,gutierrez,haas,1:29.606,,
Australian Grand Prix,88,21,haryanto,manor,1:29.627,,
Australian Grand Prix,94,22,wehrlein,manor,1:29.642,,
Bahrain Grand Prix,44,1,hamilton,mercedes,1:31.391,1:30.039,1:29.493
Bahrain Grand Prix,6,2,rosberg,mercedes,1:31.325,1:30.535,1:29.570
Bahrain Grand Prix,5,3,vettel,ferrari,1:31.636,1:30.409,1:30.012
Bahrain Grand Prix,7,4,raikkonen,ferrari,1:31.685,1:30.559,1:30.244
Bahrain Grand Prix,3,5,ricciardo,red_bull,1:31.403,1:31.122,1:30.854
Bahrain Grand Prix,77,6,bottas,williams,1:31.672,1:30.931,1:31.153
Bahrain Grand Prix,19,7,massa,williams,1:32.045,1:31.374,1:31.155
Bahrain Grand Prix,27,8,hulkenberg,force_india,1:31.987,1:31.604,1:31.620
Australian Grand Prix,44,1,hamilton,mercedes,1:24.191,1:23.251,1:22.188
Australian Grand Prix,5,2,vettel,ferrari,1:25.210,1:23.401,1:22.456
Australian Grand Prix,77,3,bottas,mercedes,1:24.514,1:23.215,1:22.481
Australian Grand Prix,7,4,raikkonen,ferrari,1:24.352,1:23.376,1:23.033
Australian Grand Prix,33,5,max_verstappen,red_bull,1:24.482,1:24.092,1:23.485
Australian Grand Prix,8,6,grosjean,haas,1:25.419,1:24.718,1:24.074
Australian Grand Prix,19,7,massa,williams,1:25.099,1:24.597,1:24.443
Australian Grand Prix,55,8,sainz,toro_rosso,1:25.542,1:24.997,1:24.487
Australian Grand Prix,26,9,kvyat,toro_rosso,1:25.970,1:24.864,1:24.512
Australian Grand Prix,3,10,ricciardo,red_bull,1:25.383,1:23.989,
Australian Grand Prix,11,11,perez,force_india,1:25.064,1:25.081,
Australian Grand Prix,27,12,hulkenberg,renault,1:24.975,1:25.091,
Australian Grand Prix,14,13,alonso,mclaren,1:25.872,1:25.425,
Australian Grand Prix,31,14,ocon,force_india,1:26.009,1:25.568,
Australian Grand Prix,9,15,ericsson,sauber,1:26.236,1:26.465,
Australian Grand Prix,36,16,giovinazzi,sauber,1:26.419,,
Australian Grand Prix,20,17,kevin_magnussen,haas,1:26.847,,
Australian Grand Prix,2,18,vandoorne,mclaren,1:26.858,,
Australian Grand Prix,18,19,stroll,williams,1:27.143,,
Australian Grand Prix,30,20,jolyon_palmer,renault,1:28.244,,
Chinese Grand Prix,44,1,hamilton,mercedes,1:33.333,1:32.406,1:31.678
Chinese Grand Prix,5,2,vettel,ferrari,1:33.078,1:32.391,1:31.864
Chinese Grand Prix,77,3,bottas,mercedes,1:33.684,1:32.552,1:31.865
Chinese Grand Prix,7,4,raikkonen,ferrari,1:33.341,1:32.181,1:32.140
Chinese Grand Prix,3,5,ricciardo,red_bull,1:34.041,1:33.546,1:33.033
Chinese Grand Prix,19,6,massa,williams,1:34.205,1:33.759,1:33.507
Chinese Grand Prix,27,7,hulkenberg,renault,1:34.453,1:33.636,1:33.580
Chinese Grand Prix,11,8,perez,force_india,1:34.657,1:33.920,1:33.706
Chinese Grand Prix,26,9,kvyat,toro_rosso,1:34.440,1:34.034,1:33.719
Chinese Grand Prix,18,10,stroll,williams,1:33.986,1:34.090,1:34.220
Australian Grand Prix,44,1,hamilton,mercedes,1:22.824,1:22.051,1:21.164
Australian Grand Prix,7,2,raikkonen,ferrari,1:23.096,1:22.507,1:21.828
Australian Grand Prix,5,3,vettel,ferrari,1:23.348,1:21.944,1:21.838
Australian Grand Prix,33,4,max_verstappen,red_bull,1:23.483,1:22.416,1:21.879
Australian Grand Prix,3,5,ricciardo,red_bull,1:23.494,1:22.897,1:22.152
Australian Grand Prix,20,6,kevin_magnussen,haas,1:23.909,1:23.300,1:23.187
Australian Grand Prix,8,7,grosjean,haas,1:23.671,1:23.468,1:23.339
Australian Grand Prix,27,8,hulkenberg,renault,1:23.782,1:23.544,1:23.532
Australian Grand Prix,55,9,sainz,renault,1:23.529,1:23.061,1:23.577
Australian Grand Prix,77,10,bottas,mercedes,1:23.686,1:22.089,
Australian Grand Prix,14,11,alonso,mclaren,1:23.597,1:23.692,
Australian Grand Prix,2,12,vandoorne,mclaren,1:24.073,1:23.853,
Australian Grand Prix,11,13,perez,force_india,1:24.344,1:24.005,
Australian Grand Prix,18,14,stroll,williams,1:24.464,1:24.230,
Australian Grand Prix,31,15,ocon,force_india,1:24.503,1:24.786,
Australian Grand Prix,28,16,brendon_hartley,toro_rosso,1:24.532,,
Australian Grand Prix,9,17,ericsson,sauber,1:24.556,,
Australian Grand Prix,16,18,leclerc,sauber,1:24.636,,
Australian Grand Prix,35,19,sirotkin,williams,1:24.922,,
Australian Grand Prix,10,20,gasly,toro_rosso,1:25.295,,
Bahrain Grand Prix,5,1,vettel,ferrari,1:29.060,1:28.341,1:27.958
Bahrain Grand Prix,7,2,raikkonen,ferrari,1:28.951,1:28.515,1:28.101
Bahrain Grand Prix,77,3,bottas,mercedes,1:29.275,1:28.794,1:28.124
Bahrain Grand Prix,44,4,hamilton,mercedes,1:29.396,1:28.458,1:28.220
Bahrain Grand Prix,3,5,ricciardo,red_bull,1:29.552,1:28.962,1:28.398
Bahrain Grand Prix,10,6,gasly,toro_rosso,1:30.121,1:29.836,1:29.329
Bahrain Grand Prix,20,7,kevin_magnussen,haas,1:29.594,1:29.623,1:29.358
Bahrain Grand Prix,27,8,hulkenberg,renault,1:30.260,1:29.187,1:29.570
Bahrain Grand Prix,31,9,ocon,force_india,1:30.338,1:30.009,1:29.874
Bahrain Grand Prix,55,10,sainz,renault,1:29.893,1:29.802,1:29.986
Australian Grand Prix,44,1,hamilton,mercedes,1:22.043,1:21.014,1:20.486
Australian Grand Prix,77,2,bottas,mercedes,1:22.367,1:21.193,1:20.598
Australian Grand Prix,5,3,vettel,ferrari,1:22.885,1:21.912,1:21.190
Australian Grand Prix,33,4,max_verstappen,red_bull,1:22.876,1:21.678,1:21.320
Australian Grand Prix,16,5,leclerc,ferrari,1:22.017,1:21.739,1:21.442
Australian Grand Prix,8,6,grosjean,haas,1:22.959,1:21.870,1:21.826
Australian Grand Prix,20,7,kevin_magnussen,haas,1:22.519,1:22.221,1:22.099
Australian Grand Prix,4,8,norris,mclaren,1:22.702,1:22.423,1:22.304
Australian Grand Prix,7,9,raikkonen,alfa,1:22.966,1:22.349,1:22.314
Australian Grand Prix,11,10,perez,racing_point,1:22.908,1:22.532,1:22.781
Australian Grand Prix,27,11,hulkenberg,renault,1:22.540,1:22.562,
Australian Grand Prix,3,12,ricciardo,renault,1:22.921,1:22.570,
Australian Grand Prix,23,13,albon,toro_rosso,1:22.757,1:22.636,
Australian Grand Prix,99,14,giovinazzi,alfa,1:22.431,1:22.714,
Australian Grand Prix,26,15,kvyat,toro_rosso,1:22.511,1:22.774,
Australian Grand Prix,18,16,stroll,racing_point,1:23.017,,
Australian Grand Prix,10,17,gasly,red_bull,1:23.020,,
Australian Grand Prix,55,18,sainz,mclaren,1:23.084,,
Australian Grand Prix,63,19,russell,williams,1:24.360,,
Australian Grand Prix,88,20,kubica,williams,1:26.067,,
Bahrain Grand Prix,16,1,leclerc,ferrari,1:28.495,1:28.046,1:27.866
Bahrain Grand Prix,5,2,vettel,ferrari,1:28.733,1:28.356,1:28.160
Bahrain Grand Prix,44,3,hamilton,mercedes,1:29.262,1:28.578,1:28.190
Bahrain Grand Prix,77,4,bottas,mercedes,1:29.498,1:28.830,1:28.256
Bahrain Grand Prix,33,5,max_verstappen,red_bull,1:29.579,1:29.109,1:28.752
Bahrain Grand Prix,20,6,kevin_magnussen,haas,1:29.532,1:29.017,1:28.757
Bahrain Grand Prix,55,7,sainz,mclaren,1:29.528,1:29.055,1:28.813
Bahrain Grand Prix,8,8,grosjean,haas,1:29.688,1:29.249,1:29.015
Bahrain Grand Prix,7,9,raikkonen,alfa,1:29.959,1:29.471,1:29.022
Bahrain Grand Prix,4,10,norris,mclaren,1:29.381,1:29.258,1:29.043
Austrian Grand Prix,77,1,bottas,mercedes,1:04.111,1:03.015,1:02.939
Austrian Grand Prix,44,2,hamilton,mercedes,1:04.198,1:03.096,1:02.951
Austrian Grand Prix,33,3,max_verstappen,red_bull,1:04.024,1:04.000,1:03.477
Austrian Grand Prix,4,4,norris,mclaren,1:04.606,1:03.819,1:03.626
Austrian Grand Prix,23,5,albon,red_bull,1:04.661,1:03.746,1:03.868
Austrian Grand Prix,11,6,perez,racing_point,1:04.543,1:03.860,1:03.868
Austrian Grand Prix,16,7,leclerc,ferrari,1:04.500,1:04.041,1:03.923
Austrian Grand Prix,55,8,sainz,mclaren,1:04.537,1:03.971,1:03.971
Austrian Grand Prix,18,9,stroll,racing_point,1:04.309,1:03.955,1:04.029
Austrian Grand Prix,3,10,ricciardo,renault,1:04.556,1:04.023,1:04.239
Austrian Grand Prix,5,11,vettel,ferrari,1:04.554,1:04.206,
Austrian Grand Prix,10,12,gasly,alphatauri,1:04.603,1:04.305,
Austrian Grand Prix,26,13,kvyat,alphatauri,1:05.031,1:04.431,
Austrian Grand Prix,31,14,ocon,renault,1:04.933,1:04.643,
Austrian Grand Prix,8,15,grosjean,haas,1:05.094,1:04.691,
Austrian Grand Prix,20,16,kevin_magnussen,haas,1:05.164,,
Austrian Grand Prix,63,17,russell,williams,1:05.167,,
Austrian Grand Prix,99,18,giovinazzi,alfa,1:05.175,,
Austrian Grand Prix,7,19,raikkonen,alfa,1:05.224,,
Austrian Grand Prix,6,20,latifi,williams,1:05.757,,
Styrian Grand Prix,44,1,hamilton,mercedes,1:18.188,1:17.825,1:19.273
Styrian Grand Prix,33,2,max_verstappen,red_bull,1:18.297,1:17.938,1:20.489
Styrian Grand Prix,55,3,sainz,mclaren,1:18.590,1:18.836,1:20.671
Styrian Grand Prix,77,4,bottas,mercedes,1:18.791,1:18.657,1:20.701
Styrian Grand Prix,31,5,ocon,renault,1:19.687,1:18.764,1:20.922
Styrian Grand Prix,4,6,norris,mclaren,1:18.504,1:18.448,1:20.925
Styrian Grand Prix,23,7,albon,red_bull,1:20.882,1:19.014,1:21.011
Styrian Grand Prix,10,8,gasly,alphatauri,1:20.192,1:18.744,1:21.028
Styrian Grand Prix,3,9,ricciardo,renault,1:19.662,1:19.229,1:21.192
Styrian Grand Prix,5,10,vettel,ferrari,1:20.243,1:19.545,1:21.651
Bahrain Grand Prix,33,1,max_verstappen,red_bull,1:30.499,1:30.318,1:28.997
Bahrain Grand Prix,44,2,hamilton,mercedes,1:30.617,1:30.085,1:29.385
Bahrain Grand Prix,77,3,bottas,mercedes,1:31.200,1:30.186,1:29.586
Bahrain Grand Prix,16,4,leclerc,ferrari,1:30.691,1:30.010,1:29.678
Bahrain Grand Prix,10,5,gasly,alphatauri,1:30.848,1:30.513,1:29.809
Bahrain Grand Prix,3,6,ricciardo,mclaren,1:30.795,1:30.222,1:29.927
Bahrain Grand Prix,4,7,norris,mclaren,1:30.902,1:30.099,1:29.974
Bahrain Grand Prix,55,8,sainz,ferrari,1:31.653,1:30.009,1:30.215
Bahrain Grand Prix,14,9,alonso,alpine,1:30.863,1:30.595,1:30.249
Bahrain Grand Prix,18,10,stroll,aston_martin,1:31.261,1:30.624,1:30.601
Bahrain Grand Prix,11,11,perez,red_bull,1:31.165,1:30.659,
Bahrain Grand Prix,99,12,giovinazzi,alfa,1:30.998,1:30.708,
Bahrain Grand Prix,22,13,tsunoda,alphatauri,1:30.607,1:31.203,
Bahrain Grand Prix,7,14,raikkonen,alfa,1:31.547,1:31.238,
Bahrain Grand Prix,63,15,russell,williams,1:31.316,1:33.430,
Bahrain Grand Prix,31,16,ocon,alpine,1:31.724,,
Bahrain Grand Prix,6,17,latifi,williams,1:31.936,,
Bahrain Grand Prix,5,18,vettel,aston_martin,1:32.056,,
Bahrain Grand Prix,47,19,mick_schumacher,haas,1:32.449,,
Bahrain Grand Prix,9,20,mazepin,haas,1:33.273,,
Emilia Romagna Grand Prix,44,1,hamilton,mercedes,1:14.823,1:14.817,1:14.411
Emilia Romagna Grand Prix,11,2,perez,red_bull,1:15.395,1:14.716,1:14.446
Emilia Romagna Grand Prix,33,3,max_verstappen,red_bull,1:15.109,1:14.884,1:14.498
Emilia Romagna Grand Prix,16,4,leclerc,ferrari,1:15.413,1:14.808,1:14.740
Emilia Romagna Grand Prix,10,5,gasly,alphatauri,1:15.548,1:14.927,1:14.790
Emilia Romagna Grand Prix,3,6,ricciardo,mclaren,1:15.669,1:15.033,1:14.826
Emilia Romagna Grand Prix,4,7,norris,mclaren,1:15.009,1:14.718,1:14.875
Emilia Romagna Grand Prix,77,8,bottas,mercedes,1:14.672,1:14.905,1:14.898
Emilia Romagna Grand Prix,31,9,ocon,alpine,1:15.385,1:15.117,1:15.210
Emilia Romagna Grand Prix,18,10,stroll,aston_martin,1:15.522,1:15.138,
Bahrain Grand Prix,16,1,leclerc,ferrari,1:31.471,1:30.932,1:30.558
Bahrain Grand Prix,1,2,max_verstappen,red_bull,1:31.785,1:30.757,1:30.681
Bahrain Grand Prix,55,3,sainz,ferrari,1:31.567,1:30.787,1:30.687
Bahrain Grand Prix,11,4,perez,red_bull,1:32.311,1:31.008,1:30.921
Bahrain Grand Prix,44,5,hamilton,mercedes,1:32.285,1:31.048,1:31.238
Bahrain Grand Prix,77,6,bottas,alfa,1:31.919,1:31.717,1:31.560
Bahrain Grand Prix,20,7,kevin_magnussen,haas,1:31.955,1:31.461,1:31.808
Bahrain Grand Prix,14,8,alonso,alpine,1:32.346,1:31.621,1:32.195
Bahrain Grand Prix,63,9,russell,mercedes,1:32.269,1:31.252,1:32.216
Bahrain Grand Prix,10,10,gasly,alphatauri,1:32.096,1:31.635,1:32.338
Bahrain Grand Prix,31,11,ocon,alpine,1:32.041,1:31.782,
Bahrain Grand Prix,47,12,mick_schumacher,haas,1:32.380,1:31.998,
Bahrain Grand Prix,4,13,norris,mclaren,1:32.239,1:32.008,
Bahrain Grand Prix,23,14,albon,williams,1:32.726,1:32.664,
Bahrain Grand Prix,24,15,zhou,alfa,1:32.493,1:33.543,
Bahrain Grand Prix,22,16,tsunoda,alphatauri,1:32.750,,
Bahrain Grand Prix,27,17,hulkenberg,aston_martin,1:32.777,,
Bahrain Grand Prix,3,18,ricciardo,mclaren,1:32.945,,
Bahrain Grand Prix,18,19,stroll,aston_martin,1:33.032,,
Bahrain Grand Prix,6,20,latifi,williams,1:33.634,,
Saudi Arabian Grand Prix,11,1,perez,red_bull,1:29.705,1:28.924,1:28.200
Saudi Arabian Grand Prix,16,2,leclerc,ferrari,1:29.039,1:28.780,1:28.225
Saudi Arabian Grand Prix,55,3,sainz,ferrari,1:28.855,1:28.686,1:28.402
Saudi Arabian Grand Prix,1,4,max_verstappen,red_bull,1:28.928,1:28.945,1:28.461
Saudi Arabian Grand Prix,31,5,ocon,alpine,1:30.093,1:29.584,1:29.068
Saudi Arabian Grand Prix,63,6,russell,mercedes,1:29.680,1:29.618,1:29.104
Saudi Arabian Grand Prix,14,7,alonso,alpine,1:29.978,1:29.295,1:29.147
Saudi Arabian Grand Prix,77,8,bottas,alfa,1:29.683,1:29.404,1:29.183
Saudi Arabian Grand Prix,10,9,gasly,alphatauri,1:29.891,1:29.418,1:29.254
Saudi Arabian Grand Prix,20,10,kevin_magnussen,haas,1:29.831,1:29.546,1:29.588
